Workbook
Name A2A: 'Mata-Mata'!$B$2
Name D2A: 'Instruções'!$D$2

Sheet Instruções
A1: ⚽ COPA DO MUNDO FIFA 2026 · TABELA INTERATIVA | D1: Planilha criada por Edivaldo - Site https//www.tudoexcel.com.br
D2: Tudo Excel
B4: 🔵 COMO USAR
B5: 1. Preencha APENAS as células em azul (os placares dos jogos)
B6: 2. As classificações de cada grupo atualizam automaticamente | D6: Colaborador
B7: 3. Na aba '3os Lugares', os 8 melhores avançam (ranking automático) | D7: guiadecompra.com
B8: 4. Na aba 'Mata-Mata', os nomes dos classificados aparecem automaticamente | D8: Primeiro site a divulgar a tabela em Excel em 2006
B10: 📋 CRITÉRIOS DE DESEMPATE (Fase de Grupos) | D10: Hoje, cria reviews de produtos para você comprar os melhores e pelo melhor preço
B11: 1º Pontos | 2º Saldo de gols | 3º Gols marcados | 4º Confronto direto (verificar manualmente)
B13: ⚽ MATA-MATA — COMO PREENCHER | D13: guiadecompra.com
B14: • Se um jogo terminar EMPATADO no tempo normal: preencha Prorrogação (células amarelas)
B15: • Se o placar continuar empatado após a prorrogação: preencha Pênaltis (células laranja)
B16: • A coluna 'Classificado' atualiza automaticamente em cada fase
B18: 📅 DATAS
B19: Fase de Grupos: 11 a 27 de junho
B20: Rodada de 32: 28 jun – 3 jul
B21: Oitavas: 4 – 7 de julho
B22: Quartas: 9 – 11 de julho
B23: Semifinais: 14 – 15 de julho
B24: 3º Lugar: 18 de julho (Miami)
B25: FINAL: 19 de julho (MetLife Stadium, Nova York)
B27: ⚠️ NOTA SOBRE O CHAVEAMENTO
... B30: Os slots de 3os colocados dependem de quais grupos classificam para cada vaga.

Sheet Gr-A
A1: COPA DO MUNDO FIFA 2026 · GRUPO A
A3: ▶ JOGOS DA FASE DE GRUPOS (preencha apenas os placares em azul)
A4: Rodada | B4: Mandante | D4: GD | F4: GV | H4: Visitante | I4: Local
A5: 11/06 # 16h | B5: =Q5 -> México | D5: 2 | E5: ✕ | F5: 0 | H5: =Q6 -> África do Sul | I5: Cidade do México | M5: NAVEGUE PELOS GRUPOS | Q5: México
A6: 11/06 # 23h | B6: =Q7 -> Coreia do Sul | D6: 2 | E6: ✕ | F6: 1 | H6: =Q8 -> República Tcheca | I6: Guadalajara | M6: A | N6: B | O6: C | P6: D | Q6: África do Sul
A7: 18/06 # 13h | B7: =Q8 -> República Tcheca | D7: 1 | E7: ✕ | F7: 1 | H7: =Q6 -> África do Sul | I7: Atlanta | M7: E | N7: F | O7: G | P7: H | Q7: Coreia do Sul
A8: 18/06 # 22h | B8: =Q5 -> México | D8: 1 | E8: ✕ | F8: 0 | H8: =Q7 -> Coreia do Sul | I8: Guadalajara | M8: I | N8: J | O8: K | P8: L | Q8: República Tcheca
A9: 24/06 # 22h | B9: =Q8 -> República Tcheca | E9: ✕ | H9: =Q5 -> México | I9: Cidade do México
A10: 24/06 # 22h | B10: =Q6 -> África do Sul | E10: ✕ | H10: =Q7 -> Coreia do Sul | I10: Monterrey | M10: Tudo Excel
A12: ▶ CLASSIFICAÇÃO (atualização automática)
A13: Pos | B13: Seleção | I13: J | J13: V | K13: E | L13: D | M13: GP | N13: GC | O13: SG | P13: PTS
A14: 1 | B14: {=INDEX(Q$14:Q$17,MATCH(1,AA$14:AA$17,0))} -> México | I14: {=INDEX(R$14:R$17,MATCH(1,AA$14:AA$17,0))} -> 2 | J14: {=INDEX(S$14:S$17,MATCH(1,AA$14:AA$17,0))} -> 2 | K14: {=INDEX(T$14:T$17,MATCH(1,AA$14:AA$17,0))} -> 0 | L14: {=INDEX(U$14:U$17,MATCH(1,AA$14:AA$17,0))} -> 0 | M14: {=INDEX(V$14:V$17,MATCH(1,AA$14:AA$17,0))} -> 3 | N14: {=INDEX(W$14:W$17,MATCH(1,AA$14:AA$17,0))} -> 0 | O14: {=INDEX(X$14:X$17,MATCH(1,AA$14:AA$17,0))} -> 3 | P14: {=INDEX(Y$14:Y$17,MATCH(1,AA$14:AA$17,0))} -> 6 | Q14: =Q5 -> México | R14: =((D5<>"")*( F5<>""))+((D8<>"")*( F8<>""))+((D9<>"")*( F9<>"")) -> 2 | S14: =IF(AND(D5<>"",F5<>""),IF(D5>F5,1,0),0)+IF(AND(D8<>"",F8<>""),IF(D8>F8,1,0),0)+IF(AND(D9<>"",F9<>""),IF(F9>D9,1,0),0) -> 2 | T14: =IF(AND(D5<>"",F5<>""),IF(D5=F5,1,0),0)+IF(AND(D8<>"",F8<>""),IF(D8=F8,1,0),0)+IF(AND(D9<>"",F9<>""),IF(D9=F9,1,0),0) -> 0 | U14: =IF(AND(D5<>"",F5<>""),IF(D5<F5,1,0),0)+IF(AND(D8<>"",F8<>""),IF(D8<F8,1,0),0)+IF(AND(D9<>"",F9<>""),IF(F9<D9,1,0),0) -> 0 | V14: =IF(D5="",0,D5)+IF(D8="",0,D8)+IF(F9="",0,F9) -> 3 | W14: =IF(F5="",0,F5)+IF(F8="",0,F8)+IF(D9="",0,D9) -> 0 | X14: =V14-W14 -> 3 | Y14: =S14*3+T14 -> 6 | Z14: =Y14*1000000+(X14+100)*10000+V14*100+4 -> 7030304 | AA14: =RANK(Z14,Z$14:Z$17,0) -> 1
A15: 2 | B15: {=INDEX(Q$14:Q$17,MATCH(2,AA$14:AA$17,0))} -> Coreia do Sul | I15: {=INDEX(R$14:R$17,MATCH(2,AA$14:AA$17,0))} -> 2 | J15: {=INDEX(S$14:S$17,MATCH(2,AA$14:AA$17,0))} -> 1 | K15: {=INDEX(T$14:T$17,MATCH(2,AA$14:AA$17,0))} -> 0 | L15: {=INDEX(U$14:U$17,MATCH(2,AA$14:AA$17,0))} -> 1 | M15: {=INDEX(V$14:V$17,MATCH(2,AA$14:AA$17,0))} -> 2 | N15: {=INDEX(W$14:W$17,MATCH(2,AA$14:AA$17,0))} -> 2 | O15: {=INDEX(X$14:X$17,MATCH(2,AA$14:AA$17,0))} -> 0 | P15: {=INDEX(Y$14:Y$17,MATCH(2,AA$14:AA$17,0))} -> 3 | Q15: =Q6 -> África do Sul | R15: =((D5<>"")*( F5<>""))+((D7<>"")*( F7<>""))+((D10<>"")*( F10<>"")) -> 2 | S15: =IF(AND(D5<>"",F5<>""),IF(F5>D5,1,0),0)+IF(AND(D7<>"",F7<>""),IF(F7>D7,1,0),0)+IF(AND(D10<>"",F10<>""),IF(D10>F10,1,0),0) -> 0 | T15: =IF(AND(D5<>"",F5<>""),IF(D5=F5,1,0),0)+IF(AND(D7<>"",F7<>""),IF(D7=F7,1,0),0)+IF(AND(D10<>"",F10<>""),IF(D10=F10,1,0),0) -> 1 | U15: =IF(AND(D5<>"",F5<>""),IF(F5<D5,1,0),0)+IF(AND(D7<>"",F7<>""),IF(F7<D7,1,0),0)+IF(AND(D10<>"",F10<>""),IF(D10<F10,1,0),0) -> 1 | V15: =IF(F5="",0,F5)+IF(F7="",0,F7)+IF(D10="",0,D10) -> 1 | W15: =IF(D5="",0,D5)+IF(D7="",0,D7)+IF(F10="",0,F10) -> 3 | X15: =V15-W15 -> -2 | Y15: =S15*3+T15 -> 1 | Z15: =Y15*1000000+(X15+100)*10000+V15*100+3 -> 1980103 | AA15: =RANK(Z15,Z$14:Z$17,0) -> 4
A16: 3 | B16: {=INDEX(Q$14:Q$17,MATCH(3,AA$14:AA$17,0))} -> República Tcheca | I16: {=INDEX(R$14:R$17,MATCH(3,AA$14:AA$17,0))} -> 2 | J16: {=INDEX(S$14:S$17,MATCH(3,AA$14:AA$17,0))} -> 0 | K16: {=INDEX(T$14:T$17,MATCH(3,AA$14:AA$17,0))} -> 1 | L16: {=INDEX(U$14:U$17,MATCH(3,AA$14:AA$17,0))} -> 1 | M16: {=INDEX(V$14:V$17,MATCH(3,AA$14:AA$17,0))} -> 2 | N16: {=INDEX(W$14:W$17,MATCH(3,AA$14:AA$17,0))} -> 3 | O16: {=INDEX(X$14:X$17,MATCH(3,AA$14:AA$17,0))} -> -1 | P16: {=INDEX(Y$14:Y$17,MATCH(3,AA$14:AA$17,0))} -> 1 | Q16: =Q7 -> Coreia do Sul | R16: =((D6<>"")*( F6<>""))+((D8<>"")*( F8<>""))+((D10<>"")*( F10<>"")) -> 2 | S16: =IF(AND(D6<>"",F6<>""),IF(D6>F6,1,0),0)+IF(AND(D8<>"",F8<>""),IF(F8>D8,1,0),0)+IF(AND(D10<>"",F10<>""),IF(F10>D10,1,0),0) -> 1 | T16: =IF(AND(D6<>"",F6<>""),IF(D6=F6,1,0),0)+IF(AND(D8<>"",F8<>""),IF(D8=F8,1,0),0)+IF(AND(D10<>"",F10<>""),IF(D10=F10,1,0),0) -> 0 | U16: =IF(AND(D6<>"",F6<>""),IF(D6<F6,1,0),0)+IF(AND(D8<>"",F8<>""),IF(F8<D8,1,0),0)+IF(AND(D10<>"",F10<>""),IF(F10<D10,1,0),0) -> 1 | V16: =IF(D6="",0,D6)+IF(F8="",0,F8)+IF(F10="",0,F10) -> 2 | W16: =IF(F6="",0,F6)+IF(D8="",0,D8)+IF(D10="",0,D10) -> 2 | X16: =V16-W16 -> 0 | Y16: =S16*3+T16 -> 3 | Z16: =Y16*1000000+(X16+100)*10000+V16*100+2 -> 4000202 | AA16: =RANK(Z16,Z$14:Z$17,0) -> 2
A17: 4 | B17: {=INDEX(Q$14:Q$17,MATCH(4,AA$14:AA$17,0))} -> África do Sul | I17: {=INDEX(R$14:R$17,MATCH(4,AA$14:AA$17,0))} -> 2 | J17: {=INDEX(S$14:S$17,MATCH(4,AA$14:AA$17,0))} -> 0 | K17: {=INDEX(T$14:T$17,MATCH(4,AA$14:AA$17,0))} -> 1 | L17: {=INDEX(U$14:U$17,MATCH(4,AA$14:AA$17,0))} -> 1 | M17: {=INDEX(V$14:V$17,MATCH(4,AA$14:AA$17,0))} -> 1 | N17: {=INDEX(W$14:W$17,MATCH(4,AA$14:AA$17,0))} -> 3 | O17: {=INDEX(X$14:X$17,MATCH(4,AA$14:AA$17,0))} -> -2 | P17: {=INDEX(Y$14:Y$17,MATCH(4,AA$14:AA$17,0))} -> 1 | Q17: =Q8 -> República Tcheca | R17: =((D6<>"")*( F6<>""))+((D7<>"")*( F7<>""))+((D9<>"")*( F9<>"")) -> 2 | S17: =IF(AND(D6<>"",F6<>""),IF(F6>D6,1,0),0)+IF(AND(D7<>"",F7<>""),IF(D7>F7,1,0),0)+IF(AND(D9<>"",F9<>""),IF(D9>F9,1,0),0) -> 0 | T17: =IF(AND(D6<>"",F6<>""),IF(D6=F6,1,0),0)+IF(AND(D7<>"",F7<>""),IF(D7=F7,1,0),0)+IF(AND(D9<>"",F9<>""),IF(D9=F9,1,0),0) -> 1 | U17: =IF(AND(D6<>"",F6<>""),IF(F6<D6,1,0),0)+IF(AND(D7<>"",F7<>""),IF(D7<F7,1,0),0)+IF(AND(D9<>"",F9<>""),IF(D9<F9,1,0),0) -> 1 | V17: =IF(F6="",0,F6)+IF(D7="",0,D7)+IF(D9="",0,D9) -> 2 | W17: =IF(D6="",0,D6)+IF(F7="",0,F7)+IF(F9="",0,F9) -> 3 | X17: =V17-W17 -> -1 | Y17: =S17*3+T17 -> 1 | Z17: =Y17*1000000+(X17+100)*10000+V17*100+1 -> 1990201 | AA17: =RANK(Z17,Z$14:Z$17,0) -> 3
A20: 🟢 1º e 2º classificados 🟡 3º colocado (pode avançar se for top-8) 🔴 Eliminado

Sheet Gr-B
A1: COPA DO MUNDO FIFA 2026 · GRUPO B
A3: ▶ JOGOS DA FASE DE GRUPOS (preencha apenas os placares em azul)
A4: Rodada | B4: Mandante | D4: GD | F4: GV | H4: Visitante | I4: Local
A5: 12/06 # 16h | B5: =Q5 -> Canadá | D5: 1 | E5: ✕ | F5: 1 | H5: =Q6 -> Bósnia-Herzegovina | I5: Toronto Field | M5: NAVEGUE PELOS GRUPOS | Q5: Canadá
A6: 13/06 # 16h | B6: =Q7 -> Catar | D6: 1 | E6: ✕ | F6: 1 | H6: =Q8 -> Suíça | I6: Santa Clara | M6: A | N6: B | O6: C | P6: D | Q6: Bósnia-Herzegovina
A7: 18/06 # 16h | B7: =Q8 -> Suíça | D7: 4 | E7: ✕ | F7: 1 | H7: =Q6 -> Bósnia-Herzegovina | I7: Los Angeles | M7: E | N7: F | O7: G | P7: H | Q7: Catar
A8: 18/06 # 19h | B8: =Q5 -> Canadá | D8: 6 | E8: ✕ | F8: 0 | H8: =Q7 -> Catar | I8: Vancouver | M8: I | N8: J | O8: K | P8: L | Q8: Suíça
A9: 24/06 # 16h | B9: =Q8 -> Suíça | E9: ✕ | H9: =Q5 -> Canadá | I9: Vancouver
A10: 24/06 # 16h | B10: =Q6 -> Bósnia-Herzegovina | E10: ✕ | H10: =Q7 -> Catar | I10: Seattle | M10: Tudo Excel
A12: ▶ CLASSIFICAÇÃO (atualização automática)
A13: Pos | B13: Seleção | I13: J | J13: V | K13: E | L13: D | M13: GP | N13: GC | O13: SG | P13: PTS
A14: 1 | B14: {=INDEX(Q$14:Q$17,MATCH(1,AA$14:AA$17,0))} -> Canadá | I14: {=INDEX(R$14:R$17,MATCH(1,AA$14:AA$17,0))} -> 2 | J14: {=INDEX(S$14:S$17,MATCH(1,AA$14:AA$17,0))} -> 1 | K14: {=INDEX(T$14:T$17,MATCH(1,AA$14:AA$17,0))} -> 1 | L14: {=INDEX(U$14:U$17,MATCH(1,AA$14:AA$17,0))} -> 0 | M14: {=INDEX(V$14:V$17,MATCH(1,AA$14:AA$17,0))} -> 7 | N14: {=INDEX(W$14:W$17,MATCH(1,AA$14:AA$17,0))} -> 1 | O14: {=INDEX(X$14:X$17,MATCH(1,AA$14:AA$17,0))} -> 6 | P14: {=INDEX(Y$14:Y$17,MATCH(1,AA$14:AA$17,0))} -> 4 | Q14: =Q5 -> Canadá | R14: =((D5<>"")*( F5<>""))+((D8<>"")*( F8<>""))+((D9<>"")*( F9<>"")) -> 2 | S14: =IF(AND(D5<>"",F5<>""),IF(D5>F5,1,0),0)+IF(AND(D8<>"",F8<>""),IF(D8>F8,1,0),0)+IF(AND(D9<>"",F9<>""),IF(F9>D9,1,0),0) -> 1 | T14: =IF(AND(D5<>"",F5<>""),IF(D5=F5,1,0),0)+IF(AND(D8<>"",F8<>""),IF(D8=F8,1,0),0)+IF(AND(D9<>"",F9<>""),IF(D9=F9,1,0),0) -> 1 | U14: =IF(AND(D5<>"",F5<>""),IF(D5<F5,1,0),0)+IF(AND(D8<>"",F8<>""),IF(D8<F8,1,0),0)+IF(AND(D9<>"",F9<>""),IF(F9<D9,1,0),0) -> 0 | V14: =IF(D5="",0,D5)+IF(D8="",0,D8)+IF(F9="",0,F9) -> 7 | W14: =IF(F5="",0,F5)+IF(F8="",0,F8)+IF(D9="",0,D9) -> 1 | X14: =V14-W14 -> 6 | Y14: =S14*3+T14 -> 4 | Z14: =Y14*1000000+(X14+100)*10000+V14*100+4 -> 5060704 | AA14: =RANK(Z14,Z$14:Z$17,0) -> 1
A15: 2 | B15: {=INDEX(Q$14:Q$17,MATCH(2,AA$14:AA$17,0))} -> Suíça | I15: {=INDEX(R$14:R$17,MATCH(2,AA$14:AA$17,0))} -> 2 | J15: {=INDEX(S$14:S$17,MATCH(2,AA$14:AA$17,0))} -> 1 | K15: {=INDEX(T$14:T$17,MATCH(2,AA$14:AA$17,0))} -> 1 | L15: {=INDEX(U$14:U$17,MATCH(2,AA$14:AA$17,0))} -> 0 | M15: {=INDEX(V$14:V$17,MATCH(2,AA$14:AA$17,0))} -> 5 | N15: {=INDEX(W$14:W$17,MATCH(2,AA$14:AA$17,0))} -> 2 | O15: {=INDEX(X$14:X$17,MATCH(2,AA$14:AA$17,0))} -> 3 | P15: {=INDEX(Y$14:Y$17,MATCH(2,AA$14:AA$17,0))} -> 4 | Q15: =Q6 -> Bósnia-Herzegovina | R15: =((D5<>"")*( F5<>""))+((D7<>"")*( F7<>""))+((D10<>"")*( F10<>"")) -> 2 | S15: =IF(AND(D5<>"",F5<>""),IF(F5>D5,1,0),0)+IF(AND(D7<>"",F7<>""),IF(F7>D7,1,0),0)+IF(AND(D10<>"",F10<>""),IF(D10>F10,1,0),0) -> 0 | T15: =IF(AND(D5<>"",F5<>""),IF(D5=F5,1,0),0)+IF(AND(D7<>"",F7<>""),IF(D7=F7,1,0),0)+IF(AND(D10<>"",F10<>""),IF(D10=F10,1,0),0) -> 1 | U15: =IF(AND(D5<>"",F5<>""),IF(F5<D5,1,0),0)+IF(AND(D7<>"",F7<>""),IF(F7<D7,1,0),0)+IF(AND(D10<>"",F10<>""),IF(D10<F10,1,0),0) -> 1 | V15: =IF(F5="",0,F5)+IF(F7="",0,F7)+IF(D10="",0,D10) -> 2 | W15: =IF(D5="",0,D5)+IF(D7="",0,D7)+IF(F10="",0,F10) -> 5 | X15: =V15-W15 -> -3 | Y15: =S15*3+T15 -> 1 | Z15: =Y15*1000000+(X15+100)*10000+V15*100+3 -> 1970203 | AA15: =RANK(Z15,Z$14:Z$17,0) -> 3
A16: 3 | B16: {=INDEX(Q$14:Q$17,MATCH(3,AA$14:AA$17,0))} -> Bósnia-Herzegovina | I16: {=INDEX(R$14:R$17,MATCH(3,AA$14:AA$17,0))} -> 2 | J16: {=INDEX(S$14:S$17,MATCH(3,AA$14:AA$17,0))} -> 0 | K16: {=INDEX(T$14:T$17,MATCH(3,AA$14:AA$17,0))} -> 1 | L16: {=INDEX(U$14:U$17,MATCH(3,AA$14:AA$17,0))} -> 1 | M16: {=INDEX(V$14:V$17,MATCH(3,AA$14:AA$17,0))} -> 2 | N16: {=INDEX(W$14:W$17,MATCH(3,AA$14:AA$17,0))} -> 5 | O16: {=INDEX(X$14:X$17,MATCH(3,AA$14:AA$17,0))} -> -3 | P16: {=INDEX(Y$14:Y$17,MATCH(3,AA$14:AA$17,0))} -> 1 | Q16: =Q7 -> Catar | R16: =((D6<>"")*( F6<>""))+((D8<>"")*( F8<>""))+((D10<>"")*( F10<>"")) -> 2 | S16: =IF(AND(D6<>"",F6<>""),IF(D6>F6,1,0),0)+IF(AND(D8<>"",F8<>""),IF(F8>D8,1,0),0)+IF(AND(D10<>"",F10<>""),IF(F10>D10,1,0),0) -> 0 | T16: =IF(AND(D6<>"",F6<>""),IF(D6=F6,1,0),0)+IF(AND(D8<>"",F8<>""),IF(D8=F8,1,0),0)+IF(AND(D10<>"",F10<>""),IF(D10=F10,1,0),0) -> 1 | U16: =IF(AND(D6<>"",F6<>""),IF(D6<F6,1,0),0)+IF(AND(D8<>"",F8<>""),IF(F8<D8,1,0),0)+IF(AND(D10<>"",F10<>""),IF(F10<D10,1,0),0) -> 1 | V16: =IF(D6="",0,D6)+IF(F8="",0,F8)+IF(F10="",0,F10) -> 1 | W16: =IF(F6="",0,F6)+IF(D8="",0,D8)+IF(D10="",0,D10) -> 7 | X16: =V16-W16 -> -6 | Y16: =S16*3+T16 -> 1 | Z16: =Y16*1000000+(X16+100)*10000+V16*100+2 -> 1940102 | AA16: =RANK(Z16,Z$14:Z$17,0) -> 4
A17: 4 | B17: {=INDEX(Q$14:Q$17,MATCH(4,AA$14:AA$17,0))} -> Catar | I17: {=INDEX(R$14:R$17,MATCH(4,AA$14:AA$17,0))} -> 2 | J17: {=INDEX(S$14:S$17,MATCH(4,AA$14:AA$17,0))} -> 0 | K17: {=INDEX(T$14:T$17,MATCH(4,AA$14:AA$17,0))} -> 1 | L17: {=INDEX(U$14:U$17,MATCH(4,AA$14:AA$17,0))} -> 1 | M17: {=INDEX(V$14:V$17,MATCH(4,AA$14:AA$17,0))} -> 1 | N17: {=INDEX(W$14:W$17,MATCH(4,AA$14:AA$17,0))} -> 7 | O17: {=INDEX(X$14:X$17,MATCH(4,AA$14:AA$17,0))} -> -6 | P17: {=INDEX(Y$14:Y$17,MATCH(4,AA$14:AA$17,0))} -> 1 | Q17: =Q8 -> Suíça | R17: =((D6<>"")*( F6<>""))+((D7<>"")*( F7<>""))+((D9<>"")*( F9<>"")) -> 2 | S17: =IF(AND(D6<>"",F6<>""),IF(F6>D6,1,0),0)+IF(AND(D7<>"",F7<>""),IF(D7>F7,1,0),0)+IF(AND(D9<>"",F9<>""),IF(D9>F9,1,0),0) -> 1 | T17: =IF(AND(D6<>"",F6<>""),IF(D6=F6,1,0),0)+IF(AND(D7<>"",F7<>""),IF(D7=F7,1,0),0)+IF(AND(D9<>"",F9<>""),IF(D9=F9,1,0),0) -> 1 | U17: =IF(AND(D6<>"",F6<>""),IF(F6<D6,1,0),0)+IF(AND(D7<>"",F7<>""),IF(D7<F7,1,0),0)+IF(AND(D9<>"",F9<>""),IF(D9<F9,1,0),0) -> 0 | V17: =IF(F6="",0,F6)+IF(D7="",0,D7)+IF(D9="",0,D9) -> 5 | W17: =IF(D6="",0,D6)+IF(F7="",0,F7)+IF(F9="",0,F9) -> 2 | X17: =V17-W17 -> 3 | Y17: =S17*3+T17 -> 4 | Z17: =Y17*1000000+(X17+100)*10000+V17*100+1 -> 5030501 | AA17: =RANK(Z17,Z$14:Z$17,0) -> 2
A20: 🟢 1º e 2º classificados 🟡 3º colocado (pode avançar se for top-8) 🔴 Eliminado

Sheet Gr-C
A1: COPA DO MUNDO FIFA 2026 · GRUPO C
A3: ▶ JOGOS DA FASE DE GRUPOS (preencha apenas os placares em azul)
A4: Rodada | B4: Mandante | D4: GD | F4: GV | H4: Visitante | I4: Local
A5: 13/06 # 19h | B5: =Q5 -> Brasil | D5: 1 | E5: ✕ | F5: 1 | H5: =Q6 -> Marrocos | I5: Nova Jersey | M5: NAVEGUE PELOS GRUPOS | Q5: Brasil
A6: 13/06 # 22h | B6: =Q7 -> Haiti | D6: 0 | E6: ✕ | F6: 1 | H6: =Q8 -> Escócia | I6: Boston | M6: A | N6: B | O6: C | P6: D | Q6: Marrocos
A7: 19/06 # 19h | B7: =Q8 -> Escócia | D7: 0 | E7: ✕ | F7: 1 | H7: =Q6 -> Marrocos | I7: Boston | M7: E | N7: F | O7: G | P7: H | Q7: Haiti
A8: 19/06 # 22h | B8: =Q5 -> Brasil | D8: 3 | E8: ✕ | F8: 0 | H8: =Q7 -> Haiti | I8: Filadélfia | M8: I | N8: J | O8: K | P8: L | Q8: Escócia
A9: 24/06 # 19h | B9: =Q6 -> Marrocos | E9: ✕ | H9: =Q7 -> Haiti | I9: Atlanta
A10: 24/06 # 19h | B10: =Q8 -> Escócia | E10: ✕ | H10: =Q5 -> Brasil | I10: Miami | M10: Tudo Excel
A12: ▶ CLASSIFICAÇÃO (atualização automática)
A13: Pos | B13: Seleção | I13: J | J13: V | K13: E | L13: D | M13: GP | N13: GC | O13: SG | P13: PTS
A14: 1 | B14: {=INDEX(Q$14:Q$17,MATCH(1,AA$14:AA$17,0))} -> Brasil | I14: {=INDEX(R$14:R$17,MATCH(1,AA$14:AA$17,0))} -> 2 | J14: {=INDEX(S$14:S$17,MATCH(1,AA$14:AA$17,0))} -> 1 | K14: {=INDEX(T$14:T$17,MATCH(1,AA$14:AA$17,0))} -> 1 | L14: {=INDEX(U$14:U$17,MATCH(1,AA$14:AA$17,0))} -> 0 | M14: {=INDEX(V$14:V$17,MATCH(1,AA$14:AA$17,0))} -> 4 | N14: {=INDEX(W$14:W$17,MATCH(1,AA$14:AA$17,0))} -> 1 | O14: {=INDEX(X$14:X$17,MATCH(1,AA$14:AA$17,0))} -> 3 | P14: {=INDEX(Y$14:Y$17,MATCH(1,AA$14:AA$17,0))} -> 4 | Q14: =Q5 -> Brasil | R14: =((D5<>"")*( F5<>""))+((D8<>"")*( F8<>""))+((D10<>"")*( F10<>"")) -> 2 | S14: =IF(AND(D5<>"",F5<>""),IF(D5>F5,1,0),0)+IF(AND(D8<>"",F8<>""),IF(D8>F8,1,0),0)+IF(AND(D10<>"",F10<>""),IF(F10>D10,1,0),0) -> 1 | T14: =IF(AND(D5<>"",F5<>""),IF(D5=F5,1,0),0)+IF(AND(D8<>"",F8<>""),IF(D8=F8,1,0),0)+IF(AND(D10<>"",F10<>""),IF(D10=F10,1,0),0) -> 1 | U14: =IF(AND(D5<>"",F5<>""),IF(D5<F5,1,0),0)+IF(AND(D8<>"",F8<>""),IF(D8<F8,1,0),0)+IF(AND(D10<>"",F10<>""),IF(F10<D10,1,0),0) -> 0 | V14: =IF(D5="",0,D5)+IF(D8="",0,D8)+IF(F10="",0,F10) -> 4 | W14: =IF(F5="",0,F5)+IF(F8="",0,F8)+IF(D10="",0,D10) -> 1 | X14: =V14-W14 -> 3 | Y14: =S14*3+T14 -> 4 | Z14: =Y14*1000000+(X14+100)*10000+V14*100+4 -> 5030404 | AA14: =RANK(Z14,Z$14:Z$17,0) -> 1
A15: 2 | B15: {=INDEX(Q$14:Q$17,MATCH(2,AA$14:AA$17,0))} -> Marrocos | I15: {=INDEX(R$14:R$17,MATCH(2,AA$14:AA$17,0))} -> 2 | J15: {=INDEX(S$14:S$17,MATCH(2,AA$14:AA$17,0))} -> 1 | K15: {=INDEX(T$14:T$17,MATCH(2,AA$14:AA$17,0))} -> 1 | L15: {=INDEX(U$14:U$17,MATCH(2,AA$14:AA$17,0))} -> 0 | M15: {=INDEX(V$14:V$17,MATCH(2,AA$14:AA$17,0))} -> 2 | N15: {=INDEX(W$14:W$17,MATCH(2,AA$14:AA$17,0))} -> 1 | O15: {=INDEX(X$14:X$17,MATCH(2,AA$14:AA$17,0))} -> 1 | P15: {=INDEX(Y$14:Y$17,MATCH(2,AA$14:AA$17,0))} -> 4 | Q15: =Q6 -> Marrocos | R15: =((D5<>"")*( F5<>""))+((D7<>"")*( F7<>""))+((D9<>"")*( F9<>"")) -> 2 | S15: =IF(AND(D5<>"",F5<>""),IF(F5>D5,1,0),0)+IF(AND(D7<>"",F7<>""),IF(F7>D7,1,0),0)+IF(AND(D9<>"",F9<>""),IF(D9>F9,1,0),0) -> 1 | T15: =IF(AND(D5<>"",F5<>""),IF(D5=F5,1,0),0)+IF(AND(D7<>"",F7<>""),IF(D7=F7,1,0),0)+IF(AND(D9<>"",F9<>""),IF(D9=F9,1,0),0) -> 1 | U15: =IF(AND(D5<>"",F5<>""),IF(F5<D5,1,0),0)+IF(AND(D7<>"",F7<>""),IF(F7<D7,1,0),0)+IF(AND(D9<>"",F9<>""),IF(D9<F9,1,0),0) -> 0 | V15: =IF(F5="",0,F5)+IF(F7="",0,F7)+IF(D9="",0,D9) -> 2 | W15: =IF(D5="",0,D5)+IF(D7="",0,D7)+IF(F9="",0,F9) -> 1 | X15: =V15-W15 -> 1 | Y15: =S15*3+T15 -> 4 | Z15: =Y15*1000000+(X15+100)*10000+V15*100+3 -> 5010203 | AA15: =RANK(Z15,Z$14:Z$17,0) -> 2
A16: 3 | B16: {=INDEX(Q$14:Q$17,MATCH(3,AA$14:AA$17,0))} -> Escócia | I16: {=INDEX(R$14:R$17,MATCH(3,AA$14:AA$17,0))} -> 2 | J16: {=INDEX(S$14:S$17,MATCH(3,AA$14:AA$17,0))} -> 1 | K16: {=INDEX(T$14:T$17,MATCH(3,AA$14:AA$17,0))} -> 0 | L16: {=INDEX(U$14:U$17,MATCH(3,AA$14:AA$17,0))} -> 1 | M16: {=INDEX(V$14:V$17,MATCH(3,AA$14:AA$17,0))} -> 1 | N16: {=INDEX(W$14:W$17,MATCH(3,AA$14:AA$17,0))} -> 1 | O16: {=INDEX(X$14:X$17,MATCH(3,AA$14:AA$17,0))} -> 0 | P16: {=INDEX(Y$14:Y$17,MATCH(3,AA$14:AA$17,0))} -> 3 | Q16: =Q7 -> Haiti | R16: =((D6<>"")*( F6<>""))+((D8<>"")*( F8<>""))+((D9<>"")*( F9<>"")) -> 2 | S16: =IF(AND(D6<>"",F6<>""),IF(D6>F6,1,0),0)+IF(AND(D8<>"",F8<>""),IF(F8>D8,1,0),0)+IF(AND(D9<>"",F9<>""),IF(F9>D9,1,0),0) -> 0 | T16: =IF(AND(D6<>"",F6<>""),IF(D6=F6,1,0),0)+IF(AND(D8<>"",F8<>""),IF(D8=F8,1,0),0)+IF(AND(D9<>"",F9<>""),IF(D9=F9,1,0),0) -> 0 | U16: =IF(AND(D6<>"",F6<>""),IF(D6<F6,1,0),0)+IF(AND(D8<>"",F8<>""),IF(F8<D8,1,0),0)+IF(AND(D9<>"",F9<>""),IF(F9<D9,1,0),0) -> 2 | V16: =IF(D6="",0,D6)+IF(F8="",0,F8)+IF(F9="",0,F9) -> 0 | W16: =IF(F6="",0,F6)+IF(D8="",0,D8)+IF(D9="",0,D9) -> 4 | X16: =V16-W16 -> -4 | Y16: =S16*3+T16 -> 0 | Z16: =Y16*1000000+(X16+100)*10000+V16*100+2 -> 960002 | AA16: =RANK(Z16,Z$14:Z$17,0) -> 4
A17: 4 | B17: {=INDEX(Q$14:Q$17,MATCH(4,AA$14:AA$17,0))} -> Haiti | I17: {=INDEX(R$14:R$17,MATCH(4,AA$14:AA$17,0))} -> 2 | J17: {=INDEX(S$14:S$17,MATCH(4,AA$14:AA$17,0))} -> 0 | K17: {=INDEX(T$14:T$17,MATCH(4,AA$14:AA$17,0))} -> 0 | L17: {=INDEX(U$14:U$17,MATCH(4,AA$14:AA$17,0))} -> 2 | M17: {=INDEX(V$14:V$17,MATCH(4,AA$14:AA$17,0))} -> 0 | N17: {=INDEX(W$14:W$17,MATCH(4,AA$14:AA$17,0))} -> 4 | O17: {=INDEX(X$14:X$17,MATCH(4,AA$14:AA$17,0))} -> -4 | P17: {=INDEX(Y$14:Y$17,MATCH(4,AA$14:AA$17,0))} -> 0 | Q17: =Q8 -> Escócia | R17: =((D6<>"")*( F6<>""))+((D7<>"")*( F7<>""))+((D10<>"")*( F10<>"")) -> 2 | S17: =IF(AND(D6<>"",F6<>""),IF(F6>D6,1,0),0)+IF(AND(D7<>"",F7<>""),IF(D7>F7,1,0),0)+IF(AND(D10<>"",F10<>""),IF(D10>F10,1,0),0) -> 1 | T17: =IF(AND(D6<>"",F6<>""),IF(D6=F6,1,0),0)+IF(AND(D7<>"",F7<>""),IF(D7=F7,1,0),0)+IF(AND(D10<>"",F10<>""),IF(D10=F10,1,0),0) -> 0 | U17: =IF(AND(D6<>"",F6<>""),IF(F6<D6,1,0),0)+IF(AND(D7<>"",F7<>""),IF(D7<F7,1,0),0)+IF(AND(D10<>"",F10<>""),IF(D10<F10,1,0),0) -> 1 | V17: =IF(F6="",0,F6)+IF(D7="",0,D7)+IF(D10="",0,D10) -> 1 | W17: =IF(D6="",0,D6)+IF(F7="",0,F7)+IF(F10="",0,F10) -> 1 | X17: =V17-W17 -> 0 | Y17: =S17*3+T17 -> 3 | Z17: =Y17*1000000+(X17+100)*10000+V17*100+1 -> 4000101 | AA17: =RANK(Z17,Z$14:Z$17,0) -> 3
A20: 🟢 1º e 2º classificados 🟡 3º colocado (pode avançar se for top-8) 🔴 Eliminado

Sheet Gr-D
A1: COPA DO MUNDO FIFA 2026 · GRUPO D
A3: ▶ JOGOS DA FASE DE GRUPOS (preencha apenas os placares em azul)
A4: Rodada | B4: Mandante | D4: GD | F4: GV | H4: Visitante | I4: Local
A5: 12/06 # 22h | B5: =Q5 -> Estados Unidos | D5: 4 | E5: ✕ | F5: 1 | H5: =Q6 -> Paraguai | I5: Los Angeles | M5: NAVEGUE PELOS GRUPOS | Q5: Estados Unidos
A6: 14/06 # 01h | B6: =Q7 -> Austrália | D6: 2 | E6: ✕ | F6: 0 | H6: =Q8 -> Turquia | I6: Vancouver Place | M6: A | N6: B | O6: C | P6: D | Q6: Paraguai
A7: 19/06 # 16h | B7: =Q5 -> Estados Unidos | D7: 2 | E7: ✕ | F7: 0 | H7: =Q7 -> Austrália | I7: Seattle | M7: E | N7: F | O7: G | P7: H | Q7: Austrália
A8: 20/06 # 01h | B8: =Q8 -> Turquia | D8: 0 | E8: ✕ | F8: 1 | H8: =Q6 -> Paraguai | I8: São Francisco | M8: I | N8: J | O8: K | P8: L | Q8: Turquia
A9: 25/06 # 23h | B9: =Q8 -> Turquia | E9: ✕ | H9: =Q5 -> Estados Unidos | I9: Los Angeles
A10: 25/06 # 23h | B10: =Q6 -> Paraguai | E10: ✕ | H10: =Q7 -> Austrália | I10: São Francisco | M10: Tudo Excel
A12: ▶ CLASSIFICAÇÃO (atualização automática)
A13: Pos | B13: Seleção | I13: J | J13: V | K13: E | L13: D | M13: GP | N13: GC | O13: SG | P13: PTS
A14: 1 | B14: {=INDEX(Q$14:Q$17,MATCH(1,AA$14:AA$17,0))} -> Estados Unidos | I14: {=INDEX(R$14:R$17,MATCH(1,AA$14:AA$17,0))} -> 2 | J14: {=INDEX(S$14:S$17,MATCH(1,AA$14:AA$17,0))} -> 2 | K14: {=INDEX(T$14:T$17,MATCH(1,AA$14:AA$17,0))} -> 0 | L14: {=INDEX(U$14:U$17,MATCH(1,AA$14:AA$17,0))} -> 0 | M14: {=INDEX(V$14:V$17,MATCH(1,AA$14:AA$17,0))} -> 6 | N14: {=INDEX(W$14:W$17,MATCH(1,AA$14:AA$17,0))} -> 1 | O14: {=INDEX(X$14:X$17,MATCH(1,AA$14:AA$17,0))} -> 5 | P14: {=INDEX(Y$14:Y$17,MATCH(1,AA$14:AA$17,0))} -> 6 | Q14: =Q5 -> Estados Unidos | R14: =((D5<>"")*( F5<>""))+((D7<>"")*( F7<>""))+((D9<>"")*( F9<>"")) -> 2 | S14: =IF(AND(D5<>"",F5<>""),IF(D5>F5,1,0),0)+IF(AND(D7<>"",F7<>""),IF(D7>F7,1,0),0)+IF(AND(D9<>"",F9<>""),IF(F9>D9,1,0),0) -> 2 | T14: =IF(AND(D5<>"",F5<>""),IF(D5=F5,1,0),0)+IF(AND(D7<>"",F7<>""),IF(D7=F7,1,0),0)+IF(AND(D9<>"",F9<>""),IF(D9=F9,1,0),0) -> 0 | U14: =IF(AND(D5<>"",F5<>""),IF(D5<F5,1,0),0)+IF(AND(D7<>"",F7<>""),IF(D7<F7,1,0),0)+IF(AND(D9<>"",F9<>""),IF(F9<D9,1,0),0) -> 0 | V14: =IF(D5="",0,D5)+IF(D7="",0,D7)+IF(F9="",0,F9) -> 6 | W14: =IF(F5="",0,F5)+IF(F7="",0,F7)+IF(D9="",0,D9) -> 1 | X14: =V14-W14 -> 5 | Y14: =S14*3+T14 -> 6 | Z14: =Y14*1000000+(X14+100)*10000+V14*100+4 -> 7050604 | AA14: =RANK(Z14,Z$14:Z$17,0) -> 1
A15: 2 | B15: {=INDEX(Q$14:Q$17,MATCH(2,AA$14:AA$17,0))} -> Austrália | I15: {=INDEX(R$14:R$17,MATCH(2,AA$14:AA$17,0))} -> 2 | J15: {=INDEX(S$14:S$17,MATCH(2,AA$14:AA$17,0))} -> 1 | K15: {=INDEX(T$14:T$17,MATCH(2,AA$14:AA$17,0))} -> 0 | L15: {=INDEX(U$14:U$17,MATCH(2,AA$14:AA$17,0))} -> 1 | M15: {=INDEX(V$14:V$17,MATCH(2,AA$14:AA$17,0))} -> 2 | N15: {=INDEX(W$14:W$17,MATCH(2,AA$14:AA$17,0))} -> 2 | O15: {=INDEX(X$14:X$17,MATCH(2,AA$14:AA$17,0))} -> 0 | P15: {=INDEX(Y$14:Y$17,MATCH(2,AA$14:AA$17,0))} -> 3 | Q15: =Q6 -> Paraguai | R15: =((D5<>"")*( F5<>""))+((D8<>"")*( F8<>""))+((D10<>"")*( F10<>"")) -> 2 | S15: =IF(AND(D5<>"",F5<>""),IF(F5>D5,1,0),0)+IF(AND(D8<>"",F8<>""),IF(F8>D8,1,0),0)+IF(AND(D10<>"",F10<>""),IF(D10>F10,1,0),0) -> 1 | T15: =IF(AND(D5<>"",F5<>""),IF(D5=F5,1,0),0)+IF(AND(D8<>"",F8<>""),IF(D8=F8,1,0),0)+IF(AND(D10<>"",F10<>""),IF(D10=F10,1,0),0) -> 0 | U15: =IF(AND(D5<>"",F5<>""),IF(F5<D5,1,0),0)+IF(AND(D8<>"",F8<>""),IF(F8<D8,1,0),0)+IF(AND(D10<>"",F10<>""),IF(D10<F10,1,0),0) -> 1 | V15: =IF(F5="",0,F5)+IF(F8="",0,F8)+IF(D10="",0,D10) -> 2 | W15: =IF(D5="",0,D5)+IF(D8="",0,D8)+IF(F10="",0,F10) -> 4 | X15: =V15-W15 -> -2 | Y15: =S15*3+T15 -> 3 | Z15: =Y15*1000000+(X15+100)*10000+V15*100+3 -> 3980203 | AA15: =RANK(Z15,Z$14:Z$17,0) -> 3
A16: 3 | B16: {=INDEX(Q$14:Q$17,MATCH(3,AA$14:AA$17,0))} -> Paraguai | I16: {=INDEX(R$14:R$17,MATCH(3,AA$14:AA$17,0))} -> 2 | J16: {=INDEX(S$14:S$17,MATCH(3,AA$14:AA$17,0))} -> 1 | K16: {=INDEX(T$14:T$17,MATCH(3,AA$14:AA$17,0))} -> 0 | L16: {=INDEX(U$14:U$17,MATCH(3,AA$14:AA$17,0))} -> 1 | M16: {=INDEX(V$14:V$17,MATCH(3,AA$14:AA$17,0))} -> 2 | N16: {=INDEX(W$14:W$17,MATCH(3,AA$14:AA$17,0))} -> 4 | O16: {=INDEX(X$14:X$17,MATCH(3,AA$14:AA$17,0))} -> -2 | P16: {=INDEX(Y$14:Y$17,MATCH(3,AA$14:AA$17,0))} -> 3 | Q16: =Q7 -> Austrália | R16: =((D6<>"")*( F6<>""))+((D7<>"")*( F7<>""))+((D10<>"")*( F10<>"")) -> 2 | S16: =IF(AND(D6<>"",F6<>""),IF(D6>F6,1,0),0)+IF(AND(D7<>"",F7<>""),IF(F7>D7,1,0),0)+IF(AND(D10<>"",F10<>""),IF(F10>D10,1,0),0) -> 1 | T16: =IF(AND(D6<>"",F6<>""),IF(D6=F6,1,0),0)+IF(AND(D7<>"",F7<>""),IF(D7=F7,1,0),0)+IF(AND(D10<>"",F10<>""),IF(D10=F10,1,0),0) -> 0 | U16: =IF(AND(D6<>"",F6<>""),IF(D6<F6,1,0),0)+IF(AND(D7<>"",F7<>""),IF(F7<D7,1,0),0)+IF(AND(D10<>"",F10<>""),IF(F10<D10,1,0),0) -> 1 | V16: =IF(D6="",0,D6)+IF(F7="",0,F7)+IF(F10="",0,F10) -> 2 | W16: =IF(F6="",0,F6)+IF(D7="",0,D7)+IF(D10="",0,D10) -> 2 | X16: =V16-W16 -> 0 | Y16: =S16*3+T16 -> 3 | Z16: =Y16*1000000+(X16+100)*10000+V16*100+2 -> 4000202 | AA16: =RANK(Z16,Z$14:Z$17,0) -> 2
A17: 4 | B17: {=INDEX(Q$14:Q$17,MATCH(4,AA$14:AA$17,0))} -> Turquia | I17: {=INDEX(R$14:R$17,MATCH(4,AA$14:AA$17,0))} -> 2 | J17: {=INDEX(S$14:S$17,MATCH(4,AA$14:AA$17,0))} -> 0 | K17: {=INDEX(T$14:T$17,MATCH(4,AA$14:AA$17,0))} -> 0 | L17: {=INDEX(U$14:U$17,MATCH(4,AA$14:AA$17,0))} -> 2 | M17: {=INDEX(V$14:V$17,MATCH(4,AA$14:AA$17,0))} -> 0 | N17: {=INDEX(W$14:W$17,MATCH(4,AA$14:AA$17,0))} -> 3 | O17: {=INDEX(X$14:X$17,MATCH(4,AA$14:AA$17,0))} -> -3 | P17: {=INDEX(Y$14:Y$17,MATCH(4,AA$14:AA$17,0))} -> 0 | Q17: =Q8 -> Turquia | R17: =((D6<>"")*( F6<>""))+((D8<>"")*( F8<>""))+((D9<>"")*( F9<>"")) -> 2 | S17: =IF(AND(D6<>"",F6<>""),IF(F6>D6,1,0),0)+IF(AND(D8<>"",F8<>""),IF(D8>F8,1,0),0)+IF(AND(D9<>"",F9<>""),IF(D9>F9,1,0),0) -> 0 | T17: =IF(AND(D6<>"",F6<>""),IF(D6=F6,1,0),0)+IF(AND(D8<>"",F8<>""),IF(D8=F8,1,0),0)+IF(AND(D9<>"",F9<>""),IF(D9=F9,1,0),0) -> 0 | U17: =IF(AND(D6<>"",F6<>""),IF(F6<D6,1,0),0)+IF(AND(D8<>"",F8<>""),IF(D8<F8,1,0),0)+IF(AND(D9<>"",F9<>""),IF(D9<F9,1,0),0) -> 2 | V17: =IF(F6="",0,F6)+IF(D8="",0,D8)+IF(D9="",0,D9) -> 0 | W17: =IF(D6="",0,D6)+IF(F8="",0,F8)+IF(F9="",0,F9) -> 3 | X17: =V17-W17 -> -3 | Y17: =S17*3+T17 -> 0 | Z17: =Y17*1000000+(X17+100)*10000+V17*100+1 -> 970001 | AA17: =RANK(Z17,Z$14:Z$17,0) -> 4
A20: 🟢 1º e 2º classificados 🟡 3º colocado (pode avançar se for top-8) 🔴 Eliminado

Sheet Gr-E
A1: COPA DO MUNDO FIFA 2026 · GRUPO E
A3: ▶ JOGOS DA FASE DE GRUPOS (preencha apenas os placares em azul)
A4: Rodada | B4: Mandante | D4: GD | F4: GV | H4: Visitante | I4: Local
A5: 14/06 # 14h | B5: =Q5 -> Alemanha | D5: 7 | E5: ✕ | F5: 1 | H5: =Q6 -> Curaçao | I5: Houston | M5: NAVEGUE PELOS GRUPOS | Q5: Alemanha
A6: 14/06 # 20h | B6: =Q7 -> Costa do Marfim | D6: 1 | E6: ✕ | F6: 0 | H6: =Q8 -> Equador | I6: Filadélfia | M6: A | N6: B | O6: C | P6: D | Q6: Curaçao
A7: 20/06 # 17h | B7: =Q5 -> Alemanha | D7: 2 | E7: ✕ | F7: 1 | H7: =Q7 -> Costa do Marfim | I7: Toronto | M7: E | N7: F | O7: G | P7: H | Q7: Costa do Marfim
A8: 20/06 # 21h | B8: =Q8 -> Equador | D8: 0 | E8: ✕ | F8: 0 | H8: =Q6 -> Curaçao | I8: Kansas City | M8: I | N8: J | O8: K | P8: L | Q8: Equador
A9: 25/06 # 17h | B9: =Q6 -> Curaçao | E9: ✕ | H9: =Q7 -> Costa do Marfim | I9: Filadélfia
A10: 25/06 # 17h | B10: =Q8 -> Equador | E10: ✕ | H10: =Q5 -> Alemanha | I10: Nova Jersey | M10: Tudo Excel
A12: ▶ CLASSIFICAÇÃO (atualização automática)
A13: Pos | B13: Seleção | I13: J | J13: V | K13: E | L13: D | M13: GP | N13: GC | O13: SG | P13: PTS
A14: 1 | B14: {=INDEX(Q$14:Q$17,MATCH(1,AA$14:AA$17,0))} -> Alemanha | I14: {=INDEX(R$14:R$17,MATCH(1,AA$14:AA$17,0))} -> 2 | J14: {=INDEX(S$14:S$17,MATCH(1,AA$14:AA$17,0))} -> 2 | K14: {=INDEX(T$14:T$17,MATCH(1,AA$14:AA$17,0))} -> 0 | L14: {=INDEX(U$14:U$17,MATCH(1,AA$14:AA$17,0))} -> 0 | M14: {=INDEX(V$14:V$17,MATCH(1,AA$14:AA$17,0))} -> 9 | N14: {=INDEX(W$14:W$17,MATCH(1,AA$14:AA$17,0))} -> 2 | O14: {=INDEX(X$14:X$17,MATCH(1,AA$14:AA$17,0))} -> 7 | P14: {=INDEX(Y$14:Y$17,MATCH(1,AA$14:AA$17,0))} -> 6 | Q14: =Q5 -> Alemanha | R14: =((D5<>"")*( F5<>""))+((D7<>"")*( F7<>""))+((D10<>"")*( F10<>"")) -> 2 | S14: =IF(AND(D5<>"",F5<>""),IF(D5>F5,1,0),0)+IF(AND(D7<>"",F7<>""),IF(D7>F7,1,0),0)+IF(AND(D10<>"",F10<>""),IF(F10>D10,1,0),0) -> 2 | T14: =IF(AND(D5<>"",F5<>""),IF(D5=F5,1,0),0)+IF(AND(D7<>"",F7<>""),IF(D7=F7,1,0),0)+IF(AND(D10<>"",F10<>""),IF(D10=F10,1,0),0) -> 0 | U14: =IF(AND(D5<>"",F5<>""),IF(D5<F5,1,0),0)+IF(AND(D7<>"",F7<>""),IF(D7<F7,1,0),0)+IF(AND(D10<>"",F10<>""),IF(F10<D10,1,0),0) -> 0 | V14: =IF(D5="",0,D5)+IF(D7="",0,D7)+IF(F10="",0,F10) -> 9 | W14: =IF(F5="",0,F5)+IF(F7="",0,F7)+IF(D10="",0,D10) -> 2 | X14: =V14-W14 -> 7 | Y14: =S14*3+T14 -> 6 | Z14: =Y14*1000000+(X14+100)*10000+V14*100+4 -> 7070904 | AA14: =RANK(Z14,Z$14:Z$17,0) -> 1
A15: 2 | B15: {=INDEX(Q$14:Q$17,MATCH(2,AA$14:AA$17,0))} -> Costa do Marfim | I15: {=INDEX(R$14:R$17,MATCH(2,AA$14:AA$17,0))} -> 2 | J15: {=INDEX(S$14:S$17,MATCH(2,AA$14:AA$17,0))} -> 1 | K15: {=INDEX(T$14:T$17,MATCH(2,AA$14:AA$17,0))} -> 0 | L15: {=INDEX(U$14:U$17,MATCH(2,AA$14:AA$17,0))} -> 1 | M15: {=INDEX(V$14:V$17,MATCH(2,AA$14:AA$17,0))} -> 2 | N15: {=INDEX(W$14:W$17,MATCH(2,AA$14:AA$17,0))} -> 2 | O15: {=INDEX(X$14:X$17,MATCH(2,AA$14:AA$17,0))} -> 0 | P15: {=INDEX(Y$14:Y$17,MATCH(2,AA$14:AA$17,0))} -> 3 | Q15: =Q6 -> Curaçao | R15: =((D5<>"")*( F5<>""))+((D8<>"")*( F8<>""))+((D9<>"")*( F9<>"")) -> 2 | S15: =IF(AND(D5<>"",F5<>""),IF(F5>D5,1,0),0)+IF(AND(D8<>"",F8<>""),IF(F8>D8,1,0),0)+IF(AND(D9<>"",F9<>""),IF(D9>F9,1,0),0) -> 0 | T15: =IF(AND(D5<>"",F5<>""),IF(D5=F5,1,0),0)+IF(AND(D8<>"",F8<>""),IF(D8=F8,1,0),0)+IF(AND(D9<>"",F9<>""),IF(D9=F9,1,0),0) -> 1 | U15: =IF(AND(D5<>"",F5<>""),IF(F5<D5,1,0),0)+IF(AND(D8<>"",F8<>""),IF(F8<D8,1,0),0)+IF(AND(D9<>"",F9<>""),IF(D9<F9,1,0),0) -> 1 | V15: =IF(F5="",0,F5)+IF(F8="",0,F8)+IF(D9="",0,D9) -> 1 | W15: =IF(D5="",0,D5)+IF(D8="",0,D8)+IF(F9="",0,F9) -> 7 | X15: =V15-W15 -> -6 | Y15: =S15*3+T15 -> 1 | Z15: =Y15*1000000+(X15+100)*10000+V15*100+3 -> 1940103 | AA15: =RANK(Z15,Z$14:Z$17,0) -> 4
A16: 3 | B16: {=INDEX(Q$14:Q$17,MATCH(3,AA$14:AA$17,0))} -> Equador | I16: {=INDEX(R$14:R$17,MATCH(3,AA$14:AA$17,0))} -> 2 | J16: {=INDEX(S$14:S$17,MATCH(3,AA$14:AA$17,0))} -> 0 | K16: {=INDEX(T$14:T$17,MATCH(3,AA$14:AA$17,0))} -> 1 | L16: {=INDEX(U$14:U$17,MATCH(3,AA$14:AA$17,0))} -> 1 | M16: {=INDEX(V$14:V$17,MATCH(3,AA$14:AA$17,0))} -> 0 | N16: {=INDEX(W$14:W$17,MATCH(3,AA$14:AA$17,0))} -> 1 | O16: {=INDEX(X$14:X$17,MATCH(3,AA$14:AA$17,0))} -> -1 | P16: {=INDEX(Y$14:Y$17,MATCH(3,AA$14:AA$17,0))} -> 1 | Q16: =Q7 -> Costa do Marfim | R16: =((D6<>"")*( F6<>""))+((D7<>"")*( F7<>""))+((D9<>"")*( F9<>"")) -> 2 | S16: =IF(AND(D6<>"",F6<>""),IF(D6>F6,1,0),0)+IF(AND(D7<>"",F7<>""),IF(F7>D7,1,0),0)+IF(AND(D9<>"",F9<>""),IF(F9>D9,1,0),0) -> 1 | T16: =IF(AND(D6<>"",F6<>""),IF(D6=F6,1,0),0)+IF(AND(D7<>"",F7<>""),IF(D7=F7,1,0),0)+IF(AND(D9<>"",F9<>""),IF(D9=F9,1,0),0) -> 0 | U16: =IF(AND(D6<>"",F6<>""),IF(D6<F6,1,0),0)+IF(AND(D7<>"",F7<>""),IF(F7<D7,1,0),0)+IF(AND(D9<>"",F9<>""),IF(F9<D9,1,0),0) -> 1 | V16: =IF(D6="",0,D6)+IF(F7="",0,F7)+IF(F9="",0,F9) -> 2 | W16: =IF(F6="",0,F6)+IF(D7="",0,D7)+IF(D9="",0,D9) -> 2 | X16: =V16-W16 -> 0 | Y16: =S16*3+T16 -> 3 | Z16: =Y16*1000000+(X16+100)*10000+V16*100+2 -> 4000202 | AA16: =RANK(Z16,Z$14:Z$17,0) -> 2
A17: 4 | B17: {=INDEX(Q$14:Q$17,MATCH(4,AA$14:AA$17,0))} -> Curaçao | I17: {=INDEX(R$14:R$17,MATCH(4,AA$14:AA$17,0))} -> 2 | J17: {=INDEX(S$14:S$17,MATCH(4,AA$14:AA$17,0))} -> 0 | K17: {=INDEX(T$14:T$17,MATCH(4,AA$14:AA$17,0))} -> 1 | L17: {=INDEX(U$14:U$17,MATCH(4,AA$14:AA$17,0))} -> 1 | M17: {=INDEX(V$14:V$17,MATCH(4,AA$14:AA$17,0))} -> 1 | N17: {=INDEX(W$14:W$17,MATCH(4,AA$14:AA$17,0))} -> 7 | O17: {=INDEX(X$14:X$17,MATCH(4,AA$14:AA$17,0))} -> -6 | P17: {=INDEX(Y$14:Y$17,MATCH(4,AA$14:AA$17,0))} -> 1 | Q17: =Q8 -> Equador | R17: =((D6<>"")*( F6<>""))+((D8<>"")*( F8<>""))+((D10<>"")*( F10<>"")) -> 2 | S17: =IF(AND(D6<>"",F6<>""),IF(F6>D6,1,0),0)+IF(AND(D8<>"",F8<>""),IF(D8>F8,1,0),0)+IF(AND(D10<>"",F10<>""),IF(D10>F10,1,0),0) -> 0 | T17: =IF(AND(D6<>"",F6<>""),IF(D6=F6,1,0),0)+IF(AND(D8<>"",F8<>""),IF(D8=F8,1,0),0)+IF(AND(D10<>"",F10<>""),IF(D10=F10,1,0),0) -> 1 | U17: =IF(AND(D6<>"",F6<>""),IF(F6<D6,1,0),0)+IF(AND(D8<>"",F8<>""),IF(D8<F8,1,0),0)+IF(AND(D10<>"",F10<>""),IF(D10<F10,1,0),0) -> 1 | V17: =IF(F6="",0,F6)+IF(D8="",0,D8)+IF(D10="",0,D10) -> 0 | W17: =IF(D6="",0,D6)+IF(F8="",0,F8)+IF(F10="",0,F10) -> 1 | X17: =V17-W17 -> -1 | Y17: =S17*3+T17 -> 1 | Z17: =Y17*1000000+(X17+100)*10000+V17*100+1 -> 1990001 | AA17: =RANK(Z17,Z$14:Z$17,0) -> 3
A20: 🟢 1º e 2º classificados 🟡 3º colocado (pode avançar se for top-8) 🔴 Eliminado

Sheet Gr-F
A1: COPA DO MUNDO FIFA 2026 · GRUPO F
A3: ▶ JOGOS DA FASE DE GRUPOS (preencha apenas os placares em azul)
A4: Rodada | B4: Mandante | D4: GD | F4: GV | H4: Visitante | I4: Local
A5: 14/06 # 17h | B5: =Q5 -> Holanda | D5: 2 | E5: ✕ | F5: 2 | H5: =Q6 -> Japão | I5: Dallas | M5: NAVEGUE PELOS GRUPOS | Q5: Holanda
A6: 14/06 # 23h | B6: =Q7 -> Suécia | D6: 5 | E6: ✕ | F6: 1 | H6: =Q8 -> Tunísia | I6: Monterrey | M6: A | N6: B | O6: C | P6: D | Q6: Japão
A7: 20/06 # 14h | B7: =Q5 -> Holanda | D7: 5 | E7: ✕ | F7: 1 | H7: =Q7 -> Suécia | I7: Houston | M7: E | N7: F | O7: G | P7: H | Q7: Suécia
A8: 21/06 # 01h | B8: =Q8 -> Tunísia | D8: 0 | E8: ✕ | F8: 4 | H8: =Q6 -> Japão | I8: Monterrey | M8: I | N8: J | O8: K | P8: L | Q8: Tunísia
A9: 25/06 # 20h | B9: =Q6 -> Japão | E9: ✕ | H9: =Q7 -> Suécia | I9: Dallas
A10: 25/06 # 20h | B10: =Q8 -> Tunísia | E10: ✕ | H10: =Q5 -> Holanda | I10: Kansas City | M10: Tudo Excel
A12: ▶ CLASSIFICAÇÃO (atualização automática)
A13: Pos | B13: Seleção | I13: J | J13: V | K13: E | L13: D | M13: GP | N13: GC | O13: SG | P13: PTS
A14: 1 | B14: {=INDEX(Q$14:Q$17,MATCH(1,AA$14:AA$17,0))} -> Holanda | I14: {=INDEX(R$14:R$17,MATCH(1,AA$14:AA$17,0))} -> 2 | J14: {=INDEX(S$14:S$17,MATCH(1,AA$14:AA$17,0))} -> 1 | K14: {=INDEX(T$14:T$17,MATCH(1,AA$14:AA$17,0))} -> 1 | L14: {=INDEX(U$14:U$17,MATCH(1,AA$14:AA$17,0))} -> 0 | M14: {=INDEX(V$14:V$17,MATCH(1,AA$14:AA$17,0))} -> 7 | N14: {=INDEX(W$14:W$17,MATCH(1,AA$14:AA$17,0))} -> 3 | O14: {=INDEX(X$14:X$17,MATCH(1,AA$14:AA$17,0))} -> 4 | P14: {=INDEX(Y$14:Y$17,MATCH(1,AA$14:AA$17,0))} -> 4 | Q14: =Q5 -> Holanda | R14: =((D5<>"")*( F5<>""))+((D7<>"")*( F7<>""))+((D10<>"")*( F10<>"")) -> 2 | S14: =IF(AND(D5<>"",F5<>""),IF(D5>F5,1,0),0)+IF(AND(D7<>"",F7<>""),IF(D7>F7,1,0),0)+IF(AND(D10<>"",F10<>""),IF(F10>D10,1,0),0) -> 1 | T14: =IF(AND(D5<>"",F5<>""),IF(D5=F5,1,0),0)+IF(AND(D7<>"",F7<>""),IF(D7=F7,1,0),0)+IF(AND(D10<>"",F10<>""),IF(D10=F10,1,0),0) -> 1 | U14: =IF(AND(D5<>"",F5<>""),IF(D5<F5,1,0),0)+IF(AND(D7<>"",F7<>""),IF(D7<F7,1,0),0)+IF(AND(D10<>"",F10<>""),IF(F10<D10,1,0),0) -> 0 | V14: =IF(D5="",0,D5)+IF(D7="",0,D7)+IF(F10="",0,F10) -> 7 | W14: =IF(F5="",0,F5)+IF(F7="",0,F7)+IF(D10="",0,D10) -> 3 | X14: =V14-W14 -> 4 | Y14: =S14*3+T14 -> 4 | Z14: =Y14*1000000+(X14+100)*10000+V14*100+4 -> 5040704 | AA14: =RANK(Z14,Z$14:Z$17,0) -> 1
A15: 2 | B15: {=INDEX(Q$14:Q$17,MATCH(2,AA$14:AA$17,0))} -> Japão | I15: {=INDEX(R$14:R$17,MATCH(2,AA$14:AA$17,0))} -> 2 | J15: {=INDEX(S$14:S$17,MATCH(2,AA$14:AA$17,0))} -> 1 | K15: {=INDEX(T$14:T$17,MATCH(2,AA$14:AA$17,0))} -> 1 | L15: {=INDEX(U$14:U$17,MATCH(2,AA$14:AA$17,0))} -> 0 | M15: {=INDEX(V$14:V$17,MATCH(2,AA$14:AA$17,0))} -> 6 | N15: {=INDEX(W$14:W$17,MATCH(2,AA$14:AA$17,0))} -> 2 | O15: {=INDEX(X$14:X$17,MATCH(2,AA$14:AA$17,0))} -> 4 | P15: {=INDEX(Y$14:Y$17,MATCH(2,AA$14:AA$17,0))} -> 4 | Q15: =Q6 -> Japão | R15: =((D5<>"")*( F5<>""))+((D8<>"")*( F8<>""))+((D9<>"")*( F9<>"")) -> 2 | S15: =IF(AND(D5<>"",F5<>""),IF(F5>D5,1,0),0)+IF(AND(D8<>"",F8<>""),IF(F8>D8,1,0),0)+IF(AND(D9<>"",F9<>""),IF(D9>F9,1,0),0) -> 1 | T15: =IF(AND(D5<>"",F5<>""),IF(D5=F5,1,0),0)+IF(AND(D8<>"",F8<>""),IF(D8=F8,1,0),0)+IF(AND(D9<>"",F9<>""),IF(D9=F9,1,0),0) -> 1 | U15: =IF(AND(D5<>"",F5<>""),IF(F5<D5,1,0),0)+IF(AND(D8<>"",F8<>""),IF(F8<D8,1,0),0)+IF(AND(D9<>"",F9<>""),IF(D9<F9,1,0),0) -> 0 | V15: =IF(F5="",0,F5)+IF(F8="",0,F8)+IF(D9="",0,D9) -> 6 | W15: =IF(D5="",0,D5)+IF(D8="",0,D8)+IF(F9="",0,F9) -> 2 | X15: =V15-W15 -> 4 | Y15: =S15*3+T15 -> 4 | Z15: =Y15*1000000+(X15+100)*10000+V15*100+3 -> 5040603 | AA15: =RANK(Z15,Z$14:Z$17,0) -> 2
A16: 3 | B16: {=INDEX(Q$14:Q$17,MATCH(3,AA$14:AA$17,0))} -> Suécia | I16: {=INDEX(R$14:R$17,MATCH(3,AA$14:AA$17,0))} -> 2 | J16: {=INDEX(S$14:S$17,MATCH(3,AA$14:AA$17,0))} -> 1 | K16: {=INDEX(T$14:T$17,MATCH(3,AA$14:AA$17,0))} -> 0 | L16: {=INDEX(U$14:U$17,MATCH(3,AA$14:AA$17,0))} -> 1 | M16: {=INDEX(V$14:V$17,MATCH(3,AA$14:AA$17,0))} -> 6 | N16: {=INDEX(W$14:W$17,MATCH(3,AA$14:AA$17,0))} -> 6 | O16: {=INDEX(X$14:X$17,MATCH(3,AA$14:AA$17,0))} -> 0 | P16: {=INDEX(Y$14:Y$17,MATCH(3,AA$14:AA$17,0))} -> 3 | Q16: =Q7 -> Suécia | R16: =((D6<>"")*( F6<>""))+((D7<>"")*( F7<>""))+((D9<>"")*( F9<>"")) -> 2 | S16: =IF(AND(D6<>"",F6<>""),IF(D6>F6,1,0),0)+IF(AND(D7<>"",F7<>""),IF(F7>D7,1,0),0)+IF(AND(D9<>"",F9<>""),IF(F9>D9,1,0),0) -> 1 | T16: =IF(AND(D6<>"",F6<>""),IF(D6=F6,1,0),0)+IF(AND(D7<>"",F7<>""),IF(D7=F7,1,0),0)+IF(AND(D9<>"",F9<>""),IF(D9=F9,1,0),0) -> 0 | U16: =IF(AND(D6<>"",F6<>""),IF(D6<F6,1,0),0)+IF(AND(D7<>"",F7<>""),IF(F7<D7,1,0),0)+IF(AND(D9<>"",F9<>""),IF(F9<D9,1,0),0) -> 1 | V16: =IF(D6="",0,D6)+IF(F7="",0,F7)+IF(F9="",0,F9) -> 6 | W16: =IF(F6="",0,F6)+IF(D7="",0,D7)+IF(D9="",0,D9) -> 6 | X16: =V16-W16 -> 0 | Y16: =S16*3+T16 -> 3 | Z16: =Y16*1000000+(X16+100)*10000+V16*100+2 -> 4000602 | AA16: =RANK(Z16,Z$14:Z$17,0) -> 3
A17: 4 | B17: {=INDEX(Q$14:Q$17,MATCH(4,AA$14:AA$17,0))} -> Tunísia | I17: {=INDEX(R$14:R$17,MATCH(4,AA$14:AA$17,0))} -> 2 | J17: {=INDEX(S$14:S$17,MATCH(4,AA$14:AA$17,0))} -> 0 | K17: {=INDEX(T$14:T$17,MATCH(4,AA$14:AA$17,0))} -> 0 | L17: {=INDEX(U$14:U$17,MATCH(4,AA$14:AA$17,0))} -> 2 | M17: {=INDEX(V$14:V$17,MATCH(4,AA$14:AA$17,0))} -> 1 | N17: {=INDEX(W$14:W$17,MATCH(4,AA$14:AA$17,0))} -> 9 | O17: {=INDEX(X$14:X$17,MATCH(4,AA$14:AA$17,0))} -> -8 | P17: {=INDEX(Y$14:Y$17,MATCH(4,AA$14:AA$17,0))} -> 0 | Q17: =Q8 -> Tunísia | R17: =((D6<>"")*( F6<>""))+((D8<>"")*( F8<>""))+((D10<>"")*( F10<>"")) -> 2 | S17: =IF(AND(D6<>"",F6<>""),IF(F6>D6,1,0),0)+IF(AND(D8<>"",F8<>""),IF(D8>F8,1,0),0)+IF(AND(D10<>"",F10<>""),IF(D10>F10,1,0),0) -> 0 | T17: =IF(AND(D6<>"",F6<>""),IF(D6=F6,1,0),0)+IF(AND(D8<>"",F8<>""),IF(D8=F8,1,0),0)+IF(AND(D10<>"",F10<>""),IF(D10=F10,1,0),0) -> 0 | U17: =IF(AND(D6<>"",F6<>""),IF(F6<D6,1,0),0)+IF(AND(D8<>"",F8<>""),IF(D8<F8,1,0),0)+IF(AND(D10<>"",F10<>""),IF(D10<F10,1,0),0) -> 2 | V17: =IF(F6="",0,F6)+IF(D8="",0,D8)+IF(D10="",0,D10) -> 1 | W17: =IF(D6="",0,D6)+IF(F8="",0,F8)+IF(F10="",0,F10) -> 9 | X17: =V17-W17 -> -8 | Y17: =S17*3+T17 -> 0 | Z17: =Y17*1000000+(X17+100)*10000+V17*100+1 -> 920101 | AA17: =RANK(Z17,Z$14:Z$17,0) -> 4
A20: 🟢 1º e 2º classificados 🟡 3º colocado (pode avançar se for top-8) 🔴 Eliminado

Sheet Gr-G
A1: COPA DO MUNDO FIFA 2026 · GRUPO G
A3: ▶ JOGOS DA FASE DE GRUPOS (preencha apenas os placares em azul)
A4: Rodada | B4: Mandante | D4: GD | F4: GV | H4: Visitante | I4: Local
A5: 15/06 # 16h | B5: =Q5 -> Bélgica | D5: 1 | E5: ✕ | F5: 1 | H5: =Q6 -> Egito | I5: Seattle Field | M5: NAVEGUE PELOS GRUPOS | Q5: Bélgica
A6: 15/06 # 22h | B6: =Q7 -> Irã | D6: 2 | E6: ✕ | F6: 2 | H6: =Q8 -> Nova Zelândia | I6: Los Angeles | M6: A | N6: B | O6: C | P6: D | Q6: Egito
A7: 21/06 # 16h | B7: =Q5 -> Bélgica | D7: 0 | E7: ✕ | F7: 0 | H7: =Q7 -> Irã | I7: Los Angeles | M7: E | N7: F | O7: G | P7: H | Q7: Irã
A8: 21/06 # 22h | B8: =Q8 -> Nova Zelândia | D8: 1 | E8: ✕ | F8: 3 | H8: =Q6 -> Egito | I8: Vancouver | M8: I | N8: J | O8: K | P8: L | Q8: Nova Zelândia
A9: 27/06 # 00h | B9: =Q6 -> Egito | E9: ✕ | H9: =Q7 -> Irã | I9: Seattle
A10: 27/06 # 00h | B10: =Q8 -> Nova Zelândia | E10: ✕ | H10: =Q5 -> Bélgica | I10: Vancouver | M10: Tudo Excel
A12: ▶ CLASSIFICAÇÃO (atualização automática)
A13: Pos | B13: Seleção | I13: J | J13: V | K13: E | L13: D | M13: GP | N13: GC | O13: SG | P13: PTS
A14: 1 | B14: {=INDEX(Q$14:Q$17,MATCH(1,AA$14:AA$17,0))} -> Egito | I14: {=INDEX(R$14:R$17,MATCH(1,AA$14:AA$17,0))} -> 2 | J14: {=INDEX(S$14:S$17,MATCH(1,AA$14:AA$17,0))} -> 1 | K14: {=INDEX(T$14:T$17,MATCH(1,AA$14:AA$17,0))} -> 1 | L14: {=INDEX(U$14:U$17,MATCH(1,AA$14:AA$17,0))} -> 0 | M14: {=INDEX(V$14:V$17,MATCH(1,AA$14:AA$17,0))} -> 4 | N14: {=INDEX(W$14:W$17,MATCH(1,AA$14:AA$17,0))} -> 2 | O14: {=INDEX(X$14:X$17,MATCH(1,AA$14:AA$17,0))} -> 2 | P14: {=INDEX(Y$14:Y$17,MATCH(1,AA$14:AA$17,0))} -> 4 | Q14: =Q5 -> Bélgica | R14: =((D5<>"")*( F5<>""))+((D7<>"")*( F7<>""))+((D10<>"")*( F10<>"")) -> 2 | S14: =IF(AND(D5<>"",F5<>""),IF(D5>F5,1,0),0)+IF(AND(D7<>"",F7<>""),IF(D7>F7,1,0),0)+IF(AND(D10<>"",F10<>""),IF(F10>D10,1,0),0) -> 0 | T14: =IF(AND(D5<>"",F5<>""),IF(D5=F5,1,0),0)+IF(AND(D7<>"",F7<>""),IF(D7=F7,1,0),0)+IF(AND(D10<>"",F10<>""),IF(D10=F10,1,0),0) -> 2 | U14: =IF(AND(D5<>"",F5<>""),IF(D5<F5,1,0),0)+IF(AND(D7<>"",F7<>""),IF(D7<F7,1,0),0)+IF(AND(D10<>"",F10<>""),IF(F10<D10,1,0),0) -> 0 | V14: =IF(D5="",0,D5)+IF(D7="",0,D7)+IF(F10="",0,F10) -> 1 | W14: =IF(F5="",0,F5)+IF(F7="",0,F7)+IF(D10="",0,D10) -> 1 | X14: =V14-W14 -> 0 | Y14: =S14*3+T14 -> 2 | Z14: =Y14*1000000+(X14+100)*10000+V14*100+4 -> 3000104 | AA14: =RANK(Z14,Z$14:Z$17,0) -> 3
A15: 2 | B15: {=INDEX(Q$14:Q$17,MATCH(2,AA$14:AA$17,0))} -> Irã | I15: {=INDEX(R$14:R$17,MATCH(2,AA$14:AA$17,0))} -> 2 | J15: {=INDEX(S$14:S$17,MATCH(2,AA$14:AA$17,0))} -> 0 | K15: {=INDEX(T$14:T$17,MATCH(2,AA$14:AA$17,0))} -> 2 | L15: {=INDEX(U$14:U$17,MATCH(2,AA$14:AA$17,0))} -> 0 | M15: {=INDEX(V$14:V$17,MATCH(2,AA$14:AA$17,0))} -> 2 | N15: {=INDEX(W$14:W$17,MATCH(2,AA$14:AA$17,0))} -> 2 | O15: {=INDEX(X$14:X$17,MATCH(2,AA$14:AA$17,0))} -> 0 | P15: {=INDEX(Y$14:Y$17,MATCH(2,AA$14:AA$17,0))} -> 2 | Q15: =Q6 -> Egito | R15: =((D5<>"")*( F5<>""))+((D8<>"")*( F8<>""))+((D9<>"")*( F9<>"")) -> 2 | S15: =IF(AND(D5<>"",F5<>""),IF(F5>D5,1,0),0)+IF(AND(D8<>"",F8<>""),IF(F8>D8,1,0),0)+IF(AND(D9<>"",F9<>""),IF(D9>F9,1,0),0) -> 1 | T15: =IF(AND(D5<>"",F5<>""),IF(D5=F5,1,0),0)+IF(AND(D8<>"",F8<>""),IF(D8=F8,1,0),0)+IF(AND(D9<>"",F9<>""),IF(D9=F9,1,0),0) -> 1 | U15: =IF(AND(D5<>"",F5<>""),IF(F5<D5,1,0),0)+IF(AND(D8<>"",F8<>""),IF(F8<D8,1,0),0)+IF(AND(D9<>"",F9<>""),IF(D9<F9,1,0),0) -> 0 | V15: =IF(F5="",0,F5)+IF(F8="",0,F8)+IF(D9="",0,D9) -> 4 | W15: =IF(D5="",0,D5)+IF(D8="",0,D8)+IF(F9="",0,F9) -> 2 | X15: =V15-W15 -> 2 | Y15: =S15*3+T15 -> 4 | Z15: =Y15*1000000+(X15+100)*10000+V15*100+3 -> 5020403 | AA15: =RANK(Z15,Z$14:Z$17,0) -> 1
A16: 3 | B16: {=INDEX(Q$14:Q$17,MATCH(3,AA$14:AA$17,0))} -> Bélgica | I16: {=INDEX(R$14:R$17,MATCH(3,AA$14:AA$17,0))} -> 2 | J16: {=INDEX(S$14:S$17,MATCH(3,AA$14:AA$17,0))} -> 0 | K16: {=INDEX(T$14:T$17,MATCH(3,AA$14:AA$17,0))} -> 2 | L16: {=INDEX(U$14:U$17,MATCH(3,AA$14:AA$17,0))} -> 0 | M16: {=INDEX(V$14:V$17,MATCH(3,AA$14:AA$17,0))} -> 1 | N16: {=INDEX(W$14:W$17,MATCH(3,AA$14:AA$17,0))} -> 1 | O16: {=INDEX(X$14:X$17,MATCH(3,AA$14:AA$17,0))} -> 0 | P16: {=INDEX(Y$14:Y$17,MATCH(3,AA$14:AA$17,0))} -> 2 | Q16: =Q7 -> Irã | R16: =((D6<>"")*( F6<>""))+((D7<>"")*( F7<>""))+((D9<>"")*( F9<>"")) -> 2 | S16: =IF(AND(D6<>"",F6<>""),IF(D6>F6,1,0),0)+IF(AND(D7<>"",F7<>""),IF(F7>D7,1,0),0)+IF(AND(D9<>"",F9<>""),IF(F9>D9,1,0),0) -> 0 | T16: =IF(AND(D6<>"",F6<>""),IF(D6=F6,1,0),0)+IF(AND(D7<>"",F7<>""),IF(D7=F7,1,0),0)+IF(AND(D9<>"",F9<>""),IF(D9=F9,1,0),0) -> 2 | U16: =IF(AND(D6<>"",F6<>""),IF(D6<F6,1,0),0)+IF(AND(D7<>"",F7<>""),IF(F7<D7,1,0),0)+IF(AND(D9<>"",F9<>""),IF(F9<D9,1,0),0) -> 0 | V16: =IF(D6="",0,D6)+IF(F7="",0,F7)+IF(F9="",0,F9) -> 2 | W16: =IF(F6="",0,F6)+IF(D7="",0,D7)+IF(D9="",0,D9) -> 2 | X16: =V16-W16 -> 0 | Y16: =S16*3+T16 -> 2 | Z16: =Y16*1000000+(X16+100)*10000+V16*100+2 -> 3000202 | AA16: =RANK(Z16,Z$14:Z$17,0) -> 2
A17: 4 | B17: {=INDEX(Q$14:Q$17,MATCH(4,AA$14:AA$17,0))} -> Nova Zelândia | I17: {=INDEX(R$14:R$17,MATCH(4,AA$14:AA$17,0))} -> 2 | J17: {=INDEX(S$14:S$17,MATCH(4,AA$14:AA$17,0))} -> 0 | K17: {=INDEX(T$14:T$17,MATCH(4,AA$14:AA$17,0))} -> 1 | L17: {=INDEX(U$14:U$17,MATCH(4,AA$14:AA$17,0))} -> 1 | M17: {=INDEX(V$14:V$17,MATCH(4,AA$14:AA$17,0))} -> 3 | N17: {=INDEX(W$14:W$17,MATCH(4,AA$14:AA$17,0))} -> 5 | O17: {=INDEX(X$14:X$17,MATCH(4,AA$14:AA$17,0))} -> -2 | P17: {=INDEX(Y$14:Y$17,MATCH(4,AA$14:AA$17,0))} -> 1 | Q17: =Q8 -> Nova Zelândia | R17: =((D6<>"")*( F6<>""))+((D8<>"")*( F8<>""))+((D10<>"")*( F10<>"")) -> 2 | S17: =IF(AND(D6<>"",F6<>""),IF(F6>D6,1,0),0)+IF(AND(D8<>"",F8<>""),IF(D8>F8,1,0),0)+IF(AND(D10<>"",F10<>""),IF(D10>F10,1,0),0) -> 0 | T17: =IF(AND(D6<>"",F6<>""),IF(D6=F6,1,0),0)+IF(AND(D8<>"",F8<>""),IF(D8=F8,1,0),0)+IF(AND(D10<>"",F10<>""),IF(D10=F10,1,0),0) -> 1 | U17: =IF(AND(D6<>"",F6<>""),IF(F6<D6,1,0),0)+IF(AND(D8<>"",F8<>""),IF(D8<F8,1,0),0)+IF(AND(D10<>"",F10<>""),IF(D10<F10,1,0),0) -> 1 | V17: =IF(F6="",0,F6)+IF(D8="",0,D8)+IF(D10="",0,D10) -> 3 | W17: =IF(D6="",0,D6)+IF(F8="",0,F8)+IF(F10="",0,F10) -> 5 | X17: =V17-W17 -> -2 | Y17: =S17*3+T17 -> 1 | Z17: =Y17*1000000+(X17+100)*10000+V17*100+1 -> 1980301 | AA17: =RANK(Z17,Z$14:Z$17,0) -> 4
A20: 🟢 1º e 2º classificados 🟡 3º colocado (pode avançar se for top-8) 🔴 Eliminado

Sheet Gr-H
A1: COPA DO MUNDO FIFA 2026 · GRUPO H
A3: ▶ JOGOS DA FASE DE GRUPOS (preencha apenas os placares em azul)
A4: Rodada | B4: Mandante | D4: GD | F4: GV | H4: Visitante | I4: Local
A5: 15/06 # 13h | B5: =Q5 -> Espanha | D5: 0 | E5: ✕ | F5: 0 | H5: =Q6 -> Cabo Verde | I5: Atlanta | M5: NAVEGUE PELOS GRUPOS | Q5: Espanha
A6: 15/06 # 19h | B6: =Q7 -> Arábia Saudita | D6: 1 | E6: ✕ | F6: 1 | H6: =Q8 -> Uruguai | I6: Miami | M6: A | N6: B | O6: C | P6: D | Q6: Cabo Verde
A7: 21/06 # 13h | B7: =Q5 -> Espanha | D7: 4 | E7: ✕ | F7: 0 | H7: =Q7 -> Arábia Saudita | I7: Atlanta | M7: E | N7: F | O7: G | P7: H | Q7: Arábia Saudita
A8: 21/06 # 19h | B8: =Q8 -> Uruguai | D8: 2 | E8: ✕ | F8: 2 | H8: =Q6 -> Cabo Verde | I8: Miami | M8: I | N8: J | O8: K | P8: L | Q8: Uruguai
A9: 26/06 # 21h | B9: =Q6 -> Cabo Verde | E9: ✕ | H9: =Q7 -> Arábia Saudita | I9: Houston
A10: 26/06 # 21h | B10: =Q8 -> Uruguai | E10: ✕ | H10: =Q5 -> Espanha | I10: Guadalajara | M10: Tudo Excel
A12: ▶ CLASSIFICAÇÃO (atualização automática)
A13: Pos | B13: Seleção | I13: J | J13: V | K13: E | L13: D | M13: GP | N13: GC | O13: SG | P13: PTS
A14: 1 | B14: {=INDEX(Q$14:Q$17,MATCH(1,AA$14:AA$17,0))} -> Espanha | I14: {=INDEX(R$14:R$17,MATCH(1,AA$14:AA$17,0))} -> 2 | J14: {=INDEX(S$14:S$17,MATCH(1,AA$14:AA$17,0))} -> 1 | K14: {=INDEX(T$14:T$17,MATCH(1,AA$14:AA$17,0))} -> 1 | L14: {=INDEX(U$14:U$17,MATCH(1,AA$14:AA$17,0))} -> 0 | M14: {=INDEX(V$14:V$17,MATCH(1,AA$14:AA$17,0))} -> 4 | N14: {=INDEX(W$14:W$17,MATCH(1,AA$14:AA$17,0))} -> 0 | O14: {=INDEX(X$14:X$17,MATCH(1,AA$14:AA$17,0))} -> 4 | P14: {=INDEX(Y$14:Y$17,MATCH(1,AA$14:AA$17,0))} -> 4 | Q14: =Q5 -> Espanha | R14: =((D5<>"")*( F5<>""))+((D7<>"")*( F7<>""))+((D10<>"")*( F10<>"")) -> 2 | S14: =IF(AND(D5<>"",F5<>""),IF(D5>F5,1,0),0)+IF(AND(D7<>"",F7<>""),IF(D7>F7,1,0),0)+IF(AND(D10<>"",F10<>""),IF(F10>D10,1,0),0) -> 1 | T14: =IF(AND(D5<>"",F5<>""),IF(D5=F5,1,0),0)+IF(AND(D7<>"",F7<>""),IF(D7=F7,1,0),0)+IF(AND(D10<>"",F10<>""),IF(D10=F10,1,0),0) -> 1 | U14: =IF(AND(D5<>"",F5<>""),IF(D5<F5,1,0),0)+IF(AND(D7<>"",F7<>""),IF(D7<F7,1,0),0)+IF(AND(D10<>"",F10<>""),IF(F10<D10,1,0),0) -> 0 | V14: =IF(D5="",0,D5)+IF(D7="",0,D7)+IF(F10="",0,F10) -> 4 | W14: =IF(F5="",0,F5)+IF(F7="",0,F7)+IF(D10="",0,D10) -> 0 | X14: =V14-W14 -> 4 | Y14: =S14*3+T14 -> 4 | Z14: =Y14*1000000+(X14+100)*10000+V14*100+4 -> 5040404 | AA14: =RANK(Z14,Z$14:Z$17,0) -> 1
A15: 2 | B15: {=INDEX(Q$14:Q$17,MATCH(2,AA$14:AA$17,0))} -> Uruguai | I15: {=INDEX(R$14:R$17,MATCH(2,AA$14:AA$17,0))} -> 2 | J15: {=INDEX(S$14:S$17,MATCH(2,AA$14:AA$17,0))} -> 0 | K15: {=INDEX(T$14:T$17,MATCH(2,AA$14:AA$17,0))} -> 2 | L15: {=INDEX(U$14:U$17,MATCH(2,AA$14:AA$17,0))} -> 0 | M15: {=INDEX(V$14:V$17,MATCH(2,AA$14:AA$17,0))} -> 3 | N15: {=INDEX(W$14:W$17,MATCH(2,AA$14:AA$17,0))} -> 3 | O15: {=INDEX(X$14:X$17,MATCH(2,AA$14:AA$17,0))} -> 0 | P15: {=INDEX(Y$14:Y$17,MATCH(2,AA$14:AA$17,0))} -> 2 | Q15: =Q6 -> Cabo Verde | R15: =((D5<>"")*( F5<>""))+((D8<>"")*( F8<>""))+((D9<>"")*( F9<>"")) -> 2 | S15: =IF(AND(D5<>"",F5<>""),IF(F5>D5,1,0),0)+IF(AND(D8<>"",F8<>""),IF(F8>D8,1,0),0)+IF(AND(D9<>"",F9<>""),IF(D9>F9,1,0),0) -> 0 | T15: =IF(AND(D5<>"",F5<>""),IF(D5=F5,1,0),0)+IF(AND(D8<>"",F8<>""),IF(D8=F8,1,0),0)+IF(AND(D9<>"",F9<>""),IF(D9=F9,1,0),0) -> 2 | U15: =IF(AND(D5<>"",F5<>""),IF(F5<D5,1,0),0)+IF(AND(D8<>"",F8<>""),IF(F8<D8,1,0),0)+IF(AND(D9<>"",F9<>""),IF(D9<F9,1,0),0) -> 0 | V15: =IF(F5="",0,F5)+IF(F8="",0,F8)+IF(D9="",0,D9) -> 2 | W15: =IF(D5="",0,D5)+IF(D8="",0,D8)+IF(F9="",0,F9) -> 2 | X15: =V15-W15 -> 0 | Y15: =S15*3+T15 -> 2 | Z15: =Y15*1000000+(X15+100)*10000+V15*100+3 -> 3000203 | AA15: =RANK(Z15,Z$14:Z$17,0) -> 3
A16: 3 | B16: {=INDEX(Q$14:Q$17,MATCH(3,AA$14:AA$17,0))} -> Cabo Verde | I16: {=INDEX(R$14:R$17,MATCH(3,AA$14:AA$17,0))} -> 2 | J16: {=INDEX(S$14:S$17,MATCH(3,AA$14:AA$17,0))} -> 0 | K16: {=INDEX(T$14:T$17,MATCH(3,AA$14:AA$17,0))} -> 2 | L16: {=INDEX(U$14:U$17,MATCH(3,AA$14:AA$17,0))} -> 0 | M16: {=INDEX(V$14:V$17,MATCH(3,AA$14:AA$17,0))} -> 2 | N16: {=INDEX(W$14:W$17,MATCH(3,AA$14:AA$17,0))} -> 2 | O16: {=INDEX(X$14:X$17,MATCH(3,AA$14:AA$17,0))} -> 0 | P16: {=INDEX(Y$14:Y$17,MATCH(3,AA$14:AA$17,0))} -> 2 | Q16: =Q7 -> Arábia Saudita | R16: =((D6<>"")*( F6<>""))+((D7<>"")*( F7<>""))+((D9<>"")*( F9<>"")) -> 2 | S16: =IF(AND(D6<>"",F6<>""),IF(D6>F6,1,0),0)+IF(AND(D7<>"",F7<>""),IF(F7>D7,1,0),0)+IF(AND(D9<>"",F9<>""),IF(F9>D9,1,0),0) -> 0 | T16: =IF(AND(D6<>"",F6<>""),IF(D6=F6,1,0),0)+IF(AND(D7<>"",F7<>""),IF(D7=F7,1,0),0)+IF(AND(D9<>"",F9<>""),IF(D9=F9,1,0),0) -> 1 | U16: =IF(AND(D6<>"",F6<>""),IF(D6<F6,1,0),0)+IF(AND(D7<>"",F7<>""),IF(F7<D7,1,0),0)+IF(AND(D9<>"",F9<>""),IF(F9<D9,1,0),0) -> 1 | V16: =IF(D6="",0,D6)+IF(F7="",0,F7)+IF(F9="",0,F9) -> 1 | W16: =IF(F6="",0,F6)+IF(D7="",0,D7)+IF(D9="",0,D9) -> 5 | X16: =V16-W16 -> -4 | Y16: =S16*3+T16 -> 1 | Z16: =Y16*1000000+(X16+100)*10000+V16*100+2 -> 1960102 | AA16: =RANK(Z16,Z$14:Z$17,0) -> 4
A17: 4 | B17: {=INDEX(Q$14:Q$17,MATCH(4,AA$14:AA$17,0))} -> Arábia Saudita | I17: {=INDEX(R$14:R$17,MATCH(4,AA$14:AA$17,0))} -> 2 | J17: {=INDEX(S$14:S$17,MATCH(4,AA$14:AA$17,0))} -> 0 | K17: {=INDEX(T$14:T$17,MATCH(4,AA$14:AA$17,0))} -> 1 | L17: {=INDEX(U$14:U$17,MATCH(4,AA$14:AA$17,0))} -> 1 | M17: {=INDEX(V$14:V$17,MATCH(4,AA$14:AA$17,0))} -> 1 | N17: {=INDEX(W$14:W$17,MATCH(4,AA$14:AA$17,0))} -> 5 | O17: {=INDEX(X$14:X$17,MATCH(4,AA$14:AA$17,0))} -> -4 | P17: {=INDEX(Y$14:Y$17,MATCH(4,AA$14:AA$17,0))} -> 1 | Q17: =Q8 -> Uruguai | R17: =((D6<>"")*( F6<>""))+((D8<>"")*( F8<>""))+((D10<>"")*( F10<>"")) -> 2 | S17: =IF(AND(D6<>"",F6<>""),IF(F6>D6,1,0),0)+IF(AND(D8<>"",F8<>""),IF(D8>F8,1,0),0)+IF(AND(D10<>"",F10<>""),IF(D10>F10,1,0),0) -> 0 | T17: =IF(AND(D6<>"",F6<>""),IF(D6=F6,1,0),0)+IF(AND(D8<>"",F8<>""),IF(D8=F8,1,0),0)+IF(AND(D10<>"",F10<>""),IF(D10=F10,1,0),0) -> 2 | U17: =IF(AND(D6<>"",F6<>""),IF(F6<D6,1,0),0)+IF(AND(D8<>"",F8<>""),IF(D8<F8,1,0),0)+IF(AND(D10<>"",F10<>""),IF(D10<F10,1,0),0) -> 0 | V17: =IF(F6="",0,F6)+IF(D8="",0,D8)+IF(D10="",0,D10) -> 3 | W17: =IF(D6="",0,D6)+IF(F8="",0,F8)+IF(F10="",0,F10) -> 3 | X17: =V17-W17 -> 0 | Y17: =S17*3+T17 -> 2 | Z17: =Y17*1000000+(X17+100)*10000+V17*100+1 -> 3000301 | AA17: =RANK(Z17,Z$14:Z$17,0) -> 2
A20: 🟢 1º e 2º classificados 🟡 3º colocado (pode avançar se for top-8) 🔴 Eliminado

Sheet Gr-I
A1: COPA DO MUNDO FIFA 2026 · GRUPO I
A3: ▶ JOGOS DA FASE DE GRUPOS (preencha apenas os placares em azul)
A4: Rodada | B4: Mandante | D4: GD | F4: GV | H4: Visitante | I4: Local
A5: 16/06 # 16h | B5: =Q5 -> França | D5: 3 | E5: ✕ | F5: 1 | H5: =Q6 -> Senegal | I5: Nova Jersey | M5: NAVEGUE PELOS GRUPOS | Q5: França
A6: 16/06 # 19h | B6: =Q7 -> Iraque | D6: 1 | E6: ✕ | F6: 4 | H6: =Q8 -> Noruega | I6: Boston | M6: A | N6: B | O6: C | P6: D | Q6: Senegal
A7: 22/06 # 18h | B7: =Q5 -> França | E7: ✕ | H7: =Q7 -> Iraque | I7: Filadélfia | M7: E | N7: F | O7: G | P7: H | Q7: Iraque
A8: 22/06 # 21h | B8: =Q8 -> Noruega | E8: ✕ | H8: =Q6 -> Senegal | I8: Nova Jersey | M8: I | N8: J | O8: K | P8: L | Q8: Noruega
A9: 26/06 # 16h | B9: =Q8 -> Noruega | E9: ✕ | H9: =Q5 -> França | I9: Boston
A10: 26/06 # 16h | B10: =Q6 -> Senegal | E10: ✕ | H10: =Q7 -> Iraque | I10: Toronto | M10: Tudo Excel
A12: ▶ CLASSIFICAÇÃO (atualização automática)
A13: Pos | B13: Seleção | I13: J | J13: V | K13: E | L13: D | M13: GP | N13: GC | O13: SG | P13: PTS
A14: 1 | B14: {=INDEX(Q$14:Q$17,MATCH(1,AA$14:AA$17,0))} -> Noruega | I14: {=INDEX(R$14:R$17,MATCH(1,AA$14:AA$17,0))} -> 1 | J14: {=INDEX(S$14:S$17,MATCH(1,AA$14:AA$17,0))} -> 1 | K14: {=INDEX(T$14:T$17,MATCH(1,AA$14:AA$17,0))} -> 0 | L14: {=INDEX(U$14:U$17,MATCH(1,AA$14:AA$17,0))} -> 0 | M14: {=INDEX(V$14:V$17,MATCH(1,AA$14:AA$17,0))} -> 4 | N14: {=INDEX(W$14:W$17,MATCH(1,AA$14:AA$17,0))} -> 1 | O14: {=INDEX(X$14:X$17,MATCH(1,AA$14:AA$17,0))} -> 3 | P14: {=INDEX(Y$14:Y$17,MATCH(1,AA$14:AA$17,0))} -> 3 | Q14: =Q5 -> França | R14: =((D5<>"")*( F5<>""))+((D7<>"")*( F7<>""))+((D9<>"")*( F9<>"")) -> 1 | S14: =IF(AND(D5<>"",F5<>""),IF(D5>F5,1,0),0)+IF(AND(D7<>"",F7<>""),IF(D7>F7,1,0),0)+IF(AND(D9<>"",F9<>""),IF(F9>D9,1,0),0) -> 1 | T14: =IF(AND(D5<>"",F5<>""),IF(D5=F5,1,0),0)+IF(AND(D7<>"",F7<>""),IF(D7=F7,1,0),0)+IF(AND(D9<>"",F9<>""),IF(D9=F9,1,0),0) -> 0 | U14: =IF(AND(D5<>"",F5<>""),IF(D5<F5,1,0),0)+IF(AND(D7<>"",F7<>""),IF(D7<F7,1,0),0)+IF(AND(D9<>"",F9<>""),IF(F9<D9,1,0),0) -> 0 | V14: =IF(D5="",0,D5)+IF(D7="",0,D7)+IF(F9="",0,F9) -> 3 | W14: =IF(F5="",0,F5)+IF(F7="",0,F7)+IF(D9="",0,D9) -> 1 | X14: =V14-W14 -> 2 | Y14: =S14*3+T14 -> 3 | Z14: =Y14*1000000+(X14+100)*10000+V14*100+4 -> 4020304 | AA14: =RANK(Z14,Z$14:Z$17,0) -> 2
A15: 2 | B15: {=INDEX(Q$14:Q$17,MATCH(2,AA$14:AA$17,0))} -> França | I15: {=INDEX(R$14:R$17,MATCH(2,AA$14:AA$17,0))} -> 1 | J15: {=INDEX(S$14:S$17,MATCH(2,AA$14:AA$17,0))} -> 1 | K15: {=INDEX(T$14:T$17,MATCH(2,AA$14:AA$17,0))} -> 0 | L15: {=INDEX(U$14:U$17,MATCH(2,AA$14:AA$17,0))} -> 0 | M15: {=INDEX(V$14:V$17,MATCH(2,AA$14:AA$17,0))} -> 3 | N15: {=INDEX(W$14:W$17,MATCH(2,AA$14:AA$17,0))} -> 1 | O15: {=INDEX(X$14:X$17,MATCH(2,AA$14:AA$17,0))} -> 2 | P15: {=INDEX(Y$14:Y$17,MATCH(2,AA$14:AA$17,0))} -> 3 | Q15: =Q6 -> Senegal | R15: =((D5<>"")*( F5<>""))+((D8<>"")*( F8<>""))+((D10<>"")*( F10<>"")) -> 1 | S15: =IF(AND(D5<>"",F5<>""),IF(F5>D5,1,0),0)+IF(AND(D8<>"",F8<>""),IF(F8>D8,1,0),0)+IF(AND(D10<>"",F10<>""),IF(D10>F10,1,0),0) -> 0 | T15: =IF(AND(D5<>"",F5<>""),IF(D5=F5,1,0),0)+IF(AND(D8<>"",F8<>""),IF(D8=F8,1,0),0)+IF(AND(D10<>"",F10<>""),IF(D10=F10,1,0),0) -> 0 | U15: =IF(AND(D5<>"",F5<>""),IF(F5<D5,1,0),0)+IF(AND(D8<>"",F8<>""),IF(F8<D8,1,0),0)+IF(AND(D10<>"",F10<>""),IF(D10<F10,1,0),0) -> 1 | V15: =IF(F5="",0,F5)+IF(F8="",0,F8)+IF(D10="",0,D10) -> 1 | W15: =IF(D5="",0,D5)+IF(D8="",0,D8)+IF(F10="",0,F10) -> 3 | X15: =V15-W15 -> -2 | Y15: =S15*3+T15 -> 0 | Z15: =Y15*1000000+(X15+100)*10000+V15*100+3 -> 980103 | AA15: =RANK(Z15,Z$14:Z$17,0) -> 3
A16: 3 | B16: {=INDEX(Q$14:Q$17,MATCH(3,AA$14:AA$17,0))} -> Senegal | I16: {=INDEX(R$14:R$17,MATCH(3,AA$14:AA$17,0))} -> 1 | J16: {=INDEX(S$14:S$17,MATCH(3,AA$14:AA$17,0))} -> 0 | K16: {=INDEX(T$14:T$17,MATCH(3,AA$14:AA$17,0))} -> 0 | L16: {=INDEX(U$14:U$17,MATCH(3,AA$14:AA$17,0))} -> 1 | M16: {=INDEX(V$14:V$17,MATCH(3,AA$14:AA$17,0))} -> 1 | N16: {=INDEX(W$14:W$17,MATCH(3,AA$14:AA$17,0))} -> 3 | O16: {=INDEX(X$14:X$17,MATCH(3,AA$14:AA$17,0))} -> -2 | P16: {=INDEX(Y$14:Y$17,MATCH(3,AA$14:AA$17,0))} -> 0 | Q16: =Q7 -> Iraque | R16: =((D6<>"")*( F6<>""))+((D7<>"")*( F7<>""))+((D10<>"")*( F10<>"")) -> 1 | S16: =IF(AND(D6<>"",F6<>""),IF(D6>F6,1,0),0)+IF(AND(D7<>"",F7<>""),IF(F7>D7,1,0),0)+IF(AND(D10<>"",F10<>""),IF(F10>D10,1,0),0) -> 0 | T16: =IF(AND(D6<>"",F6<>""),IF(D6=F6,1,0),0)+IF(AND(D7<>"",F7<>""),IF(D7=F7,1,0),0)+IF(AND(D10<>"",F10<>""),IF(D10=F10,1,0),0) -> 0 | U16: =IF(AND(D6<>"",F6<>""),IF(D6<F6,1,0),0)+IF(AND(D7<>"",F7<>""),IF(F7<D7,1,0),0)+IF(AND(D10<>"",F10<>""),IF(F10<D10,1,0),0) -> 1 | V16: =IF(D6="",0,D6)+IF(F7="",0,F7)+IF(F10="",0,F10) -> 1 | W16: =IF(F6="",0,F6)+IF(D7="",0,D7)+IF(D10="",0,D10) -> 4 | X16: =V16-W16 -> -3 | Y16: =S16*3+T16 -> 0 | Z16: =Y16*1000000+(X16+100)*10000+V16*100+2 -> 970102 | AA16: =RANK(Z16,Z$14:Z$17,0) -> 4
A17: 4 | B17: {=INDEX(Q$14:Q$17,MATCH(4,AA$14:AA$17,0))} -> Iraque | I17: {=INDEX(R$14:R$17,MATCH(4,AA$14:AA$17,0))} -> 1 | J17: {=INDEX(S$14:S$17,MATCH(4,AA$14:AA$17,0))} -> 0 | K17: {=INDEX(T$14:T$17,MATCH(4,AA$14:AA$17,0))} -> 0 | L17: {=INDEX(U$14:U$17,MATCH(4,AA$14:AA$17,0))} -> 1 | M17: {=INDEX(V$14:V$17,MATCH(4,AA$14:AA$17,0))} -> 1 | N17: {=INDEX(W$14:W$17,MATCH(4,AA$14:AA$17,0))} -> 4 | O17: {=INDEX(X$14:X$17,MATCH(4,AA$14:AA$17,0))} -> -3 | P17: {=INDEX(Y$14:Y$17,MATCH(4,AA$14:AA$17,0))} -> 0 | Q17: =Q8 -> Noruega | R17: =((D6<>"")*( F6<>""))+((D8<>"")*( F8<>""))+((D9<>"")*( F9<>"")) -> 1 | S17: =IF(AND(D6<>"",F6<>""),IF(F6>D6,1,0),0)+IF(AND(D8<>"",F8<>""),IF(D8>F8,1,0),0)+IF(AND(D9<>"",F9<>""),IF(D9>F9,1,0),0) -> 1 | T17: =IF(AND(D6<>"",F6<>""),IF(D6=F6,1,0),0)+IF(AND(D8<>"",F8<>""),IF(D8=F8,1,0),0)+IF(AND(D9<>"",F9<>""),IF(D9=F9,1,0),0) -> 0 | U17: =IF(AND(D6<>"",F6<>""),IF(F6<D6,1,0),0)+IF(AND(D8<>"",F8<>""),IF(D8<F8,1,0),0)+IF(AND(D9<>"",F9<>""),IF(D9<F9,1,0),0) -> 0 | V17: =IF(F6="",0,F6)+IF(D8="",0,D8)+IF(D9="",0,D9) -> 4 | W17: =IF(D6="",0,D6)+IF(F8="",0,F8)+IF(F9="",0,F9) -> 1 | X17: =V17-W17 -> 3 | Y17: =S17*3+T17 -> 3 | Z17: =Y17*1000000+(X17+100)*10000+V17*100+1 -> 4030401 | AA17: =RANK(Z17,Z$14:Z$17,0) -> 1
A20: 🟢 1º e 2º classificados 🟡 3º colocado (pode avançar se for top-8) 🔴 Eliminado

Sheet Gr-J
A1: COPA DO MUNDO FIFA 2026 · GRUPO J
A3: ▶ JOGOS DA FASE DE GRUPOS (preencha apenas os placares em azul)
A4: Rodada | B4: Mandante | D4: GD | F4: GV | H4: Visitante | I4: Local
A5: 16/06 # 22h | B5: =Q5 -> Argentina | D5: 3 | E5: ✕ | F5: 0 | H5: =Q6 -> Argélia | I5: Kansas City | M5: NAVEGUE PELOS GRUPOS | Q5: Argentina
A6: 17/06 # 01h | B6: =Q7 -> Áustria | D6: 3 | E6: ✕ | F6: 1 | H6: =Q8 -> Jordânia | I6: Santa Clara | M6: A | N6: B | O6: C | P6: D | Q6: Argélia
A7: 22/06 # 14h | B7: =Q5 -> Argentina | D7: 2 | E7: ✕ | F7: 0 | H7: =Q7 -> Áustria | I7: Dallas | M7: E | N7: F | O7: G | P7: H | Q7: Áustria
A8: 23/06 # 00h | B8: =Q8 -> Jordânia | E8: ✕ | H8: =Q6 -> Argélia | I8: São Francisco | M8: I | N8: J | O8: K | P8: L | Q8: Jordânia
A9: 27/06 # 23h | B9: =Q6 -> Argélia | E9: ✕ | H9: =Q7 -> Áustria | I9: Kansas City
A10: 27/06 # 23h | B10: =Q8 -> Jordânia | E10: ✕ | H10: =Q5 -> Argentina | I10: Dallas | M10: Tudo Excel
A12: ▶ CLASSIFICAÇÃO (atualização automática)
A13: Pos | B13: Seleção | I13: J | J13: V | K13: E | L13: D | M13: GP | N13: GC | O13: SG | P13: PTS
A14: 1 | B14: {=INDEX(Q$14:Q$17,MATCH(1,AA$14:AA$17,0))} -> Argentina | I14: {=INDEX(R$14:R$17,MATCH(1,AA$14:AA$17,0))} -> 2 | J14: {=INDEX(S$14:S$17,MATCH(1,AA$14:AA$17,0))} -> 2 | K14: {=INDEX(T$14:T$17,MATCH(1,AA$14:AA$17,0))} -> 0 | L14: {=INDEX(U$14:U$17,MATCH(1,AA$14:AA$17,0))} -> 0 | M14: {=INDEX(V$14:V$17,MATCH(1,AA$14:AA$17,0))} -> 5 | N14: {=INDEX(W$14:W$17,MATCH(1,AA$14:AA$17,0))} -> 0 | O14: {=INDEX(X$14:X$17,MATCH(1,AA$14:AA$17,0))} -> 5 | P14: {=INDEX(Y$14:Y$17,MATCH(1,AA$14:AA$17,0))} -> 6 | Q14: =Q5 -> Argentina | R14: =((D5<>"")*( F5<>""))+((D7<>"")*( F7<>""))+((D10<>"")*( F10<>"")) -> 2 | S14: =IF(AND(D5<>"",F5<>""),IF(D5>F5,1,0),0)+IF(AND(D7<>"",F7<>""),IF(D7>F7,1,0),0)+IF(AND(D10<>"",F10<>""),IF(F10>D10,1,0),0) -> 2 | T14: =IF(AND(D5<>"",F5<>""),IF(D5=F5,1,0),0)+IF(AND(D7<>"",F7<>""),IF(D7=F7,1,0),0)+IF(AND(D10<>"",F10<>""),IF(D10=F10,1,0),0) -> 0 | U14: =IF(AND(D5<>"",F5<>""),IF(D5<F5,1,0),0)+IF(AND(D7<>"",F7<>""),IF(D7<F7,1,0),0)+IF(AND(D10<>"",F10<>""),IF(F10<D10,1,0),0) -> 0 | V14: =IF(D5="",0,D5)+IF(D7="",0,D7)+IF(F10="",0,F10) -> 5 | W14: =IF(F5="",0,F5)+IF(F7="",0,F7)+IF(D10="",0,D10) -> 0 | X14: =V14-W14 -> 5 | Y14: =S14*3+T14 -> 6 | Z14: =Y14*1000000+(X14+100)*10000+V14*100+4 -> 7050504 | AA14: =RANK(Z14,Z$14:Z$17,0) -> 1
A15: 2 | B15: {=INDEX(Q$14:Q$17,MATCH(2,AA$14:AA$17,0))} -> Áustria | I15: {=INDEX(R$14:R$17,MATCH(2,AA$14:AA$17,0))} -> 2 | J15: {=INDEX(S$14:S$17,MATCH(2,AA$14:AA$17,0))} -> 1 | K15: {=INDEX(T$14:T$17,MATCH(2,AA$14:AA$17,0))} -> 0 | L15: {=INDEX(U$14:U$17,MATCH(2,AA$14:AA$17,0))} -> 1 | M15: {=INDEX(V$14:V$17,MATCH(2,AA$14:AA$17,0))} -> 3 | N15: {=INDEX(W$14:W$17,MATCH(2,AA$14:AA$17,0))} -> 3 | O15: {=INDEX(X$14:X$17,MATCH(2,AA$14:AA$17,0))} -> 0 | P15: {=INDEX(Y$14:Y$17,MATCH(2,AA$14:AA$17,0))} -> 3 | Q15: =Q6 -> Argélia | R15: =((D5<>"")*( F5<>""))+((D8<>"")*( F8<>""))+((D9<>"")*( F9<>"")) -> 1 | S15: =IF(AND(D5<>"",F5<>""),IF(F5>D5,1,0),0)+IF(AND(D8<>"",F8<>""),IF(F8>D8,1,0),0)+IF(AND(D9<>"",F9<>""),IF(D9>F9,1,0),0) -> 0 | T15: =IF(AND(D5<>"",F5<>""),IF(D5=F5,1,0),0)+IF(AND(D8<>"",F8<>""),IF(D8=F8,1,0),0)+IF(AND(D9<>"",F9<>""),IF(D9=F9,1,0),0) -> 0 | U15: =IF(AND(D5<>"",F5<>""),IF(F5<D5,1,0),0)+IF(AND(D8<>"",F8<>""),IF(F8<D8,1,0),0)+IF(AND(D9<>"",F9<>""),IF(D9<F9,1,0),0) -> 1 | V15: =IF(F5="",0,F5)+IF(F8="",0,F8)+IF(D9="",0,D9) -> 0 | W15: =IF(D5="",0,D5)+IF(D8="",0,D8)+IF(F9="",0,F9) -> 3 | X15: =V15-W15 -> -3 | Y15: =S15*3+T15 -> 0 | Z15: =Y15*1000000+(X15+100)*10000+V15*100+3 -> 970003 | AA15: =RANK(Z15,Z$14:Z$17,0) -> 4
A16: 3 | B16: {=INDEX(Q$14:Q$17,MATCH(3,AA$14:AA$17,0))} -> Jordânia | I16: {=INDEX(R$14:R$17,MATCH(3,AA$14:AA$17,0))} -> 1 | J16: {=INDEX(S$14:S$17,MATCH(3,AA$14:AA$17,0))} -> 0 | K16: {=INDEX(T$14:T$17,MATCH(3,AA$14:AA$17,0))} -> 0 | L16: {=INDEX(U$14:U$17,MATCH(3,AA$14:AA$17,0))} -> 1 | M16: {=INDEX(V$14:V$17,MATCH(3,AA$14:AA$17,0))} -> 1 | N16: {=INDEX(W$14:W$17,MATCH(3,AA$14:AA$17,0))} -> 3 | O16: {=INDEX(X$14:X$17,MATCH(3,AA$14:AA$17,0))} -> -2 | P16: {=INDEX(Y$14:Y$17,MATCH(3,AA$14:AA$17,0))} -> 0 | Q16: =Q7 -> Áustria | R16: =((D6<>"")*( F6<>""))+((D7<>"")*( F7<>""))+((D9<>"")*( F9<>"")) -> 2 | S16: =IF(AND(D6<>"",F6<>""),IF(D6>F6,1,0),0)+IF(AND(D7<>"",F7<>""),IF(F7>D7,1,0),0)+IF(AND(D9<>"",F9<>""),IF(F9>D9,1,0),0) -> 1 | T16: =IF(AND(D6<>"",F6<>""),IF(D6=F6,1,0),0)+IF(AND(D7<>"",F7<>""),IF(D7=F7,1,0),0)+IF(AND(D9<>"",F9<>""),IF(D9=F9,1,0),0) -> 0 | U16: =IF(AND(D6<>"",F6<>""),IF(D6<F6,1,0),0)+IF(AND(D7<>"",F7<>""),IF(F7<D7,1,0),0)+IF(AND(D9<>"",F9<>""),IF(F9<D9,1,0),0) -> 1 | V16: =IF(D6="",0,D6)+IF(F7="",0,F7)+IF(F9="",0,F9) -> 3 | W16: =IF(F6="",0,F6)+IF(D7="",0,D7)+IF(D9="",0,D9) -> 3 | X16: =V16-W16 -> 0 | Y16: =S16*3+T16 -> 3 | Z16: =Y16*1000000+(X16+100)*10000+V16*100+2 -> 4000302 | AA16: =RANK(Z16,Z$14:Z$17,0) -> 2
A17: 4 | B17: {=INDEX(Q$14:Q$17,MATCH(4,AA$14:AA$17,0))} -> Argélia | I17: {=INDEX(R$14:R$17,MATCH(4,AA$14:AA$17,0))} -> 1 | J17: {=INDEX(S$14:S$17,MATCH(4,AA$14:AA$17,0))} -> 0 | K17: {=INDEX(T$14:T$17,MATCH(4,AA$14:AA$17,0))} -> 0 | L17: {=INDEX(U$14:U$17,MATCH(4,AA$14:AA$17,0))} -> 1 | M17: {=INDEX(V$14:V$17,MATCH(4,AA$14:AA$17,0))} -> 0 | N17: {=INDEX(W$14:W$17,MATCH(4,AA$14:AA$17,0))} -> 3 | O17: {=INDEX(X$14:X$17,MATCH(4,AA$14:AA$17,0))} -> -3 | P17: {=INDEX(Y$14:Y$17,MATCH(4,AA$14:AA$17,0))} -> 0 | Q17: =Q8 -> Jordânia | R17: =((D6<>"")*( F6<>""))+((D8<>"")*( F8<>""))+((D10<>"")*( F10<>"")) -> 1 | S17: =IF(AND(D6<>"",F6<>""),IF(F6>D6,1,0),0)+IF(AND(D8<>"",F8<>""),IF(D8>F8,1,0),0)+IF(AND(D10<>"",F10<>""),IF(D10>F10,1,0),0) -> 0 | T17: =IF(AND(D6<>"",F6<>""),IF(D6=F6,1,0),0)+IF(AND(D8<>"",F8<>""),IF(D8=F8,1,0),0)+IF(AND(D10<>"",F10<>""),IF(D10=F10,1,0),0) -> 0 | U17: =IF(AND(D6<>"",F6<>""),IF(F6<D6,1,0),0)+IF(AND(D8<>"",F8<>""),IF(D8<F8,1,0),0)+IF(AND(D10<>"",F10<>""),IF(D10<F10,1,0),0) -> 1 | V17: =IF(F6="",0,F6)+IF(D8="",0,D8)+IF(D10="",0,D10) -> 1 | W17: =IF(D6="",0,D6)+IF(F8="",0,F8)+IF(F10="",0,F10) -> 3 | X17: =V17-W17 -> -2 | Y17: =S17*3+T17 -> 0 | Z17: =Y17*1000000+(X17+100)*10000+V17*100+1 -> 980101 | AA17: =RANK(Z17,Z$14:Z$17,0) -> 3
A20: 🟢 1º e 2º classificados 🟡 3º colocado (pode avançar se for top-8) 🔴 Eliminado

Sheet Gr-K
A1: COPA DO MUNDO FIFA 2026 · GRUPO K
A3: ▶ JOGOS DA FASE DE GRUPOS (preencha apenas os placares em azul)
A4: Rodada | B4: Mandante | D4: GD | F4: GV | H4: Visitante | I4: Local
A5: 17/06 # 14h | B5: =Q5 -> Portugal | D5: 1 | E5: ✕ | F5: 1 | H5: =Q6 -> RD Congo | I5: Houston | M5: NAVEGUE PELOS GRUPOS | Q5: Portugal
A6: 17/06 # 23h | B6: =Q7 -> Uzbequistão | D6: 1 | E6: ✕ | F6: 3 | H6: =Q8 -> Colômbia | I6: Cidade do México | M6: A | N6: B | O6: C | P6: D | Q6: RD Congo
A7: 23/06 # 14h | B7: =Q5 -> Portugal | E7: ✕ | H7: =Q7 -> Uzbequistão | I7: Houston | M7: E | N7: F | O7: G | P7: H | Q7: Uzbequistão
A8: 23/06 # 23h | B8: =Q8 -> Colômbia | E8: ✕ | H8: =Q6 -> RD Congo | I8: Guadalajara | M8: I | N8: J | O8: K | P8: L | Q8: Colômbia
A9: 27/06 # 20h30 | B9: =Q8 -> Colômbia | E9: ✕ | H9: =Q5 -> Portugal | I9: Miami
A10: 27/06 # 20h30 | B10: =Q6 -> RD Congo | E10: ✕ | H10: =Q7 -> Uzbequistão | I10: Atlanta | M10: Tudo Excel
A12: ▶ CLASSIFICAÇÃO (atualização automática)
A13: Pos | B13: Seleção | I13: J | J13: V | K13: E | L13: D | M13: GP | N13: GC | O13: SG | P13: PTS
A14: 1 | B14: {=INDEX(Q$14:Q$17,MATCH(1,AA$14:AA$17,0))} -> Colômbia | I14: {=INDEX(R$14:R$17,MATCH(1,AA$14:AA$17,0))} -> 1 | J14: {=INDEX(S$14:S$17,MATCH(1,AA$14:AA$17,0))} -> 1 | K14: {=INDEX(T$14:T$17,MATCH(1,AA$14:AA$17,0))} -> 0 | L14: {=INDEX(U$14:U$17,MATCH(1,AA$14:AA$17,0))} -> 0 | M14: {=INDEX(V$14:V$17,MATCH(1,AA$14:AA$17,0))} -> 3 | N14: {=INDEX(W$14:W$17,MATCH(1,AA$14:AA$17,0))} -> 1 | O14: {=INDEX(X$14:X$17,MATCH(1,AA$14:AA$17,0))} -> 2 | P14: {=INDEX(Y$14:Y$17,MATCH(1,AA$14:AA$17,0))} -> 3 | Q14: =Q5 -> Portugal | R14: =((D5<>"")*( F5<>""))+((D7<>"")*( F7<>""))+((D9<>"")*( F9<>"")) -> 1 | S14: =IF(AND(D5<>"",F5<>""),IF(D5>F5,1,0),0)+IF(AND(D7<>"",F7<>""),IF(D7>F7,1,0),0)+IF(AND(D9<>"",F9<>""),IF(F9>D9,1,0),0) -> 0 | T14: =IF(AND(D5<>"",F5<>""),IF(D5=F5,1,0),0)+IF(AND(D7<>"",F7<>""),IF(D7=F7,1,0),0)+IF(AND(D9<>"",F9<>""),IF(D9=F9,1,0),0) -> 1 | U14: =IF(AND(D5<>"",F5<>""),IF(D5<F5,1,0),0)+IF(AND(D7<>"",F7<>""),IF(D7<F7,1,0),0)+IF(AND(D9<>"",F9<>""),IF(F9<D9,1,0),0) -> 0 | V14: =IF(D5="",0,D5)+IF(D7="",0,D7)+IF(F9="",0,F9) -> 1 | W14: =IF(F5="",0,F5)+IF(F7="",0,F7)+IF(D9="",0,D9) -> 1 | X14: =V14-W14 -> 0 | Y14: =S14*3+T14 -> 1 | Z14: =Y14*1000000+(X14+100)*10000+V14*100+4 -> 2000104 | AA14: =RANK(Z14,Z$14:Z$17,0) -> 2
A15: 2 | B15: {=INDEX(Q$14:Q$17,MATCH(2,AA$14:AA$17,0))} -> Portugal | I15: {=INDEX(R$14:R$17,MATCH(2,AA$14:AA$17,0))} -> 1 | J15: {=INDEX(S$14:S$17,MATCH(2,AA$14:AA$17,0))} -> 0 | K15: {=INDEX(T$14:T$17,MATCH(2,AA$14:AA$17,0))} -> 1 | L15: {=INDEX(U$14:U$17,MATCH(2,AA$14:AA$17,0))} -> 0 | M15: {=INDEX(V$14:V$17,MATCH(2,AA$14:AA$17,0))} -> 1 | N15: {=INDEX(W$14:W$17,MATCH(2,AA$14:AA$17,0))} -> 1 | O15: {=INDEX(X$14:X$17,MATCH(2,AA$14:AA$17,0))} -> 0 | P15: {=INDEX(Y$14:Y$17,MATCH(2,AA$14:AA$17,0))} -> 1 | Q15: =Q6 -> RD Congo | R15: =((D5<>"")*( F5<>""))+((D8<>"")*( F8<>""))+((D10<>"")*( F10<>"")) -> 1 | S15: =IF(AND(D5<>"",F5<>""),IF(F5>D5,1,0),0)+IF(AND(D8<>"",F8<>""),IF(F8>D8,1,0),0)+IF(AND(D10<>"",F10<>""),IF(D10>F10,1,0),0) -> 0 | T15: =IF(AND(D5<>"",F5<>""),IF(D5=F5,1,0),0)+IF(AND(D8<>"",F8<>""),IF(D8=F8,1,0),0)+IF(AND(D10<>"",F10<>""),IF(D10=F10,1,0),0) -> 1 | U15: =IF(AND(D5<>"",F5<>""),IF(F5<D5,1,0),0)+IF(AND(D8<>"",F8<>""),IF(F8<D8,1,0),0)+IF(AND(D10<>"",F10<>""),IF(D10<F10,1,0),0) -> 0 | V15: =IF(F5="",0,F5)+IF(F8="",0,F8)+IF(D10="",0,D10) -> 1 | W15: =IF(D5="",0,D5)+IF(D8="",0,D8)+IF(F10="",0,F10) -> 1 | X15: =V15-W15 -> 0 | Y15: =S15*3+T15 -> 1 | Z15: =Y15*1000000+(X15+100)*10000+V15*100+3 -> 2000103 | AA15: =RANK(Z15,Z$14:Z$17,0) -> 3
A16: 3 | B16: {=INDEX(Q$14:Q$17,MATCH(3,AA$14:AA$17,0))} -> RD Congo | I16: {=INDEX(R$14:R$17,MATCH(3,AA$14:AA$17,0))} -> 1 | J16: {=INDEX(S$14:S$17,MATCH(3,AA$14:AA$17,0))} -> 0 | K16: {=INDEX(T$14:T$17,MATCH(3,AA$14:AA$17,0))} -> 1 | L16: {=INDEX(U$14:U$17,MATCH(3,AA$14:AA$17,0))} -> 0 | M16: {=INDEX(V$14:V$17,MATCH(3,AA$14:AA$17,0))} -> 1 | N16: {=INDEX(W$14:W$17,MATCH(3,AA$14:AA$17,0))} -> 1 | O16: {=INDEX(X$14:X$17,MATCH(3,AA$14:AA$17,0))} -> 0 | P16: {=INDEX(Y$14:Y$17,MATCH(3,AA$14:AA$17,0))} -> 1 | Q16: =Q7 -> Uzbequistão | R16: =((D6<>"")*( F6<>""))+((D7<>"")*( F7<>""))+((D10<>"")*( F10<>"")) -> 1 | S16: =IF(AND(D6<>"",F6<>""),IF(D6>F6,1,0),0)+IF(AND(D7<>"",F7<>""),IF(F7>D7,1,0),0)+IF(AND(D10<>"",F10<>""),IF(F10>D10,1,0),0) -> 0 | T16: =IF(AND(D6<>"",F6<>""),IF(D6=F6,1,0),0)+IF(AND(D7<>"",F7<>""),IF(D7=F7,1,0),0)+IF(AND(D10<>"",F10<>""),IF(D10=F10,1,0),0) -> 0 | U16: =IF(AND(D6<>"",F6<>""),IF(D6<F6,1,0),0)+IF(AND(D7<>"",F7<>""),IF(F7<D7,1,0),0)+IF(AND(D10<>"",F10<>""),IF(F10<D10,1,0),0) -> 1 | V16: =IF(D6="",0,D6)+IF(F7="",0,F7)+IF(F10="",0,F10) -> 1 | W16: =IF(F6="",0,F6)+IF(D7="",0,D7)+IF(D10="",0,D10) -> 3 | X16: =V16-W16 -> -2 | Y16: =S16*3+T16 -> 0 | Z16: =Y16*1000000+(X16+100)*10000+V16*100+2 -> 980102 | AA16: =RANK(Z16,Z$14:Z$17,0) -> 4
A17: 4 | B17: {=INDEX(Q$14:Q$17,MATCH(4,AA$14:AA$17,0))} -> Uzbequistão | I17: {=INDEX(R$14:R$17,MATCH(4,AA$14:AA$17,0))} -> 1 | J17: {=INDEX(S$14:S$17,MATCH(4,AA$14:AA$17,0))} -> 0 | K17: {=INDEX(T$14:T$17,MATCH(4,AA$14:AA$17,0))} -> 0 | L17: {=INDEX(U$14:U$17,MATCH(4,AA$14:AA$17,0))} -> 1 | M17: {=INDEX(V$14:V$17,MATCH(4,AA$14:AA$17,0))} -> 1 | N17: {=INDEX(W$14:W$17,MATCH(4,AA$14:AA$17,0))} -> 3 | O17: {=INDEX(X$14:X$17,MATCH(4,AA$14:AA$17,0))} -> -2 | P17: {=INDEX(Y$14:Y$17,MATCH(4,AA$14:AA$17,0))} -> 0 | Q17: =Q8 -> Colômbia | R17: =((D6<>"")*( F6<>""))+((D8<>"")*( F8<>""))+((D9<>"")*( F9<>"")) -> 1 | S17: =IF(AND(D6<>"",F6<>""),IF(F6>D6,1,0),0)+IF(AND(D8<>"",F8<>""),IF(D8>F8,1,0),0)+IF(AND(D9<>"",F9<>""),IF(D9>F9,1,0),0) -> 1 | T17: =IF(AND(D6<>"",F6<>""),IF(D6=F6,1,0),0)+IF(AND(D8<>"",F8<>""),IF(D8=F8,1,0),0)+IF(AND(D9<>"",F9<>""),IF(D9=F9,1,0),0) -> 0 | U17: =IF(AND(D6<>"",F6<>""),IF(F6<D6,1,0),0)+IF(AND(D8<>"",F8<>""),IF(D8<F8,1,0),0)+IF(AND(D9<>"",F9<>""),IF(D9<F9,1,0),0) -> 0 | V17: =IF(F6="",0,F6)+IF(D8="",0,D8)+IF(D9="",0,D9) -> 3 | W17: =IF(D6="",0,D6)+IF(F8="",0,F8)+IF(F9="",0,F9) -> 1 | X17: =V17-W17 -> 2 | Y17: =S17*3+T17 -> 3 | Z17: =Y17*1000000+(X17+100)*10000+V17*100+1 -> 4020301 | AA17: =RANK(Z17,Z$14:Z$17,0) -> 1
A20: 🟢 1º e 2º classificados 🟡 3º colocado (pode avançar se for top-8) 🔴 Eliminado

Sheet Gr-L
A1: COPA DO MUNDO FIFA 2026 · GRUPO L
A3: ▶ JOGOS DA FASE DE GRUPOS (preencha apenas os placares em azul)
A4: Rodada | B4: Mandante | D4: GD | F4: GV | H4: Visitante | I4: Local
A5: 17/06 # 17h | B5: =Q5 -> Inglaterra | D5: 4 | E5: ✕ | F5: 2 | H5: =Q6 -> Croácia | I5: Dallas | M5: NAVEGUE PELOS GRUPOS | Q5: Inglaterra
A6: 17/06 # 20h | B6: =Q7 -> Gana | D6: 1 | E6: ✕ | F6: 0 | H6: =Q8 -> Panamá | I6: Toronto Field | M6: A | N6: B | O6: C | P6: D | Q6: Croácia
A7: 23/06 # 17h | B7: =Q5 -> Inglaterra | E7: ✕ | H7: =Q7 -> Gana | I7: Boston | M7: E | N7: F | O7: G | P7: H | Q7: Gana
A8: 23/06 # 20h | B8: =Q8 -> Panamá | E8: ✕ | H8: =Q6 -> Croácia | I8: Toronto | M8: I | N8: J | O8: K | P8: L | Q8: Panamá
A9: 27/06 # 18h | B9: =Q6 -> Croácia | E9: ✕ | H9: =Q7 -> Gana | I9: Filadélfia
A10: 27/06 # 18h | B10: =Q8 -> Panamá | E10: ✕ | H10: =Q5 -> Inglaterra | I10: Nova Jersey | M10: Tudo Excel
A12: ▶ CLASSIFICAÇÃO (atualização automática)
A13: Pos | B13: Seleção | I13: J | J13: V | K13: E | L13: D | M13: GP | N13: GC | O13: SG | P13: PTS
A14: 1 | B14: {=INDEX(Q$14:Q$17,MATCH(1,AA$14:AA$17,0))} -> Inglaterra | I14: {=INDEX(R$14:R$17,MATCH(1,AA$14:AA$17,0))} -> 1 | J14: {=INDEX(S$14:S$17,MATCH(1,AA$14:AA$17,0))} -> 1 | K14: {=INDEX(T$14:T$17,MATCH(1,AA$14:AA$17,0))} -> 0 | L14: {=INDEX(U$14:U$17,MATCH(1,AA$14:AA$17,0))} -> 0 | M14: {=INDEX(V$14:V$17,MATCH(1,AA$14:AA$17,0))} -> 4 | N14: {=INDEX(W$14:W$17,MATCH(1,AA$14:AA$17,0))} -> 2 | O14: {=INDEX(X$14:X$17,MATCH(1,AA$14:AA$17,0))} -> 2 | P14: {=INDEX(Y$14:Y$17,MATCH(1,AA$14:AA$17,0))} -> 3 | Q14: =Q5 -> Inglaterra | R14: =((D5<>"")*( F5<>""))+((D7<>"")*( F7<>""))+((D10<>"")*( F10<>"")) -> 1 | S14: =IF(AND(D5<>"",F5<>""),IF(D5>F5,1,0),0)+IF(AND(D7<>"",F7<>""),IF(D7>F7,1,0),0)+IF(AND(D10<>"",F10<>""),IF(F10>D10,1,0),0) -> 1 | T14: =IF(AND(D5<>"",F5<>""),IF(D5=F5,1,0),0)+IF(AND(D7<>"",F7<>""),IF(D7=F7,1,0),0)+IF(AND(D10<>"",F10<>""),IF(D10=F10,1,0),0) -> 0 | U14: =IF(AND(D5<>"",F5<>""),IF(D5<F5,1,0),0)+IF(AND(D7<>"",F7<>""),IF(D7<F7,1,0),0)+IF(AND(D10<>"",F10<>""),IF(F10<D10,1,0),0) -> 0 | V14: =IF(D5="",0,D5)+IF(D7="",0,D7)+IF(F10="",0,F10) -> 4 | W14: =IF(F5="",0,F5)+IF(F7="",0,F7)+IF(D10="",0,D10) -> 2 | X14: =V14-W14 -> 2 | Y14: =S14*3+T14 -> 3 | Z14: =Y14*1000000+(X14+100)*10000+V14*100+4 -> 4020404 | AA14: =RANK(Z14,Z$14:Z$17,0) -> 1
A15: 2 | B15: {=INDEX(Q$14:Q$17,MATCH(2,AA$14:AA$17,0))} -> Gana | I15: {=INDEX(R$14:R$17,MATCH(2,AA$14:AA$17,0))} -> 1 | J15: {=INDEX(S$14:S$17,MATCH(2,AA$14:AA$17,0))} -> 1 | K15: {=INDEX(T$14:T$17,MATCH(2,AA$14:AA$17,0))} -> 0 | L15: {=INDEX(U$14:U$17,MATCH(2,AA$14:AA$17,0))} -> 0 | M15: {=INDEX(V$14:V$17,MATCH(2,AA$14:AA$17,0))} -> 1 | N15: {=INDEX(W$14:W$17,MATCH(2,AA$14:AA$17,0))} -> 0 | O15: {=INDEX(X$14:X$17,MATCH(2,AA$14:AA$17,0))} -> 1 | P15: {=INDEX(Y$14:Y$17,MATCH(2,AA$14:AA$17,0))} -> 3 | Q15: =Q6 -> Croácia | R15: =((D5<>"")*( F5<>""))+((D8<>"")*( F8<>""))+((D9<>"")*( F9<>"")) -> 1 | S15: =IF(AND(D5<>"",F5<>""),IF(F5>D5,1,0),0)+IF(AND(D8<>"",F8<>""),IF(F8>D8,1,0),0)+IF(AND(D9<>"",F9<>""),IF(D9>F9,1,0),0) -> 0 | T15: =IF(AND(D5<>"",F5<>""),IF(D5=F5,1,0),0)+IF(AND(D8<>"",F8<>""),IF(D8=F8,1,0),0)+IF(AND(D9<>"",F9<>""),IF(D9=F9,1,0),0) -> 0 | U15: =IF(AND(D5<>"",F5<>""),IF(F5<D5,1,0),0)+IF(AND(D8<>"",F8<>""),IF(F8<D8,1,0),0)+IF(AND(D9<>"",F9<>""),IF(D9<F9,1,0),0) -> 1 | V15: =IF(F5="",0,F5)+IF(F8="",0,F8)+IF(D9="",0,D9) -> 2 | W15: =IF(D5="",0,D5)+IF(D8="",0,D8)+IF(F9="",0,F9) -> 4 | X15: =V15-W15 -> -2 | Y15: =S15*3+T15 -> 0 | Z15: =Y15*1000000+(X15+100)*10000+V15*100+3 -> 980203 | AA15: =RANK(Z15,Z$14:Z$17,0) -> 4
A16: 3 | B16: {=INDEX(Q$14:Q$17,MATCH(3,AA$14:AA$17,0))} -> Panamá | I16: {=INDEX(R$14:R$17,MATCH(3,AA$14:AA$17,0))} -> 1 | J16: {=INDEX(S$14:S$17,MATCH(3,AA$14:AA$17,0))} -> 0 | K16: {=INDEX(T$14:T$17,MATCH(3,AA$14:AA$17,0))} -> 0 | L16: {=INDEX(U$14:U$17,MATCH(3,AA$14:AA$17,0))} -> 1 | M16: {=INDEX(V$14:V$17,MATCH(3,AA$14:AA$17,0))} -> 0 | N16: {=INDEX(W$14:W$17,MATCH(3,AA$14:AA$17,0))} -> 1 | O16: {=INDEX(X$14:X$17,MATCH(3,AA$14:AA$17,0))} -> -1 | P16: {=INDEX(Y$14:Y$17,MATCH(3,AA$14:AA$17,0))} -> 0 | Q16: =Q7 -> Gana | R16: =((D6<>"")*( F6<>""))+((D7<>"")*( F7<>""))+((D9<>"")*( F9<>"")) -> 1 | S16: =IF(AND(D6<>"",F6<>""),IF(D6>F6,1,0),0)+IF(AND(D7<>"",F7<>""),IF(F7>D7,1,0),0)+IF(AND(D9<>"",F9<>""),IF(F9>D9,1,0),0) -> 1 | T16: =IF(AND(D6<>"",F6<>""),IF(D6=F6,1,0),0)+IF(AND(D7<>"",F7<>""),IF(D7=F7,1,0),0)+IF(AND(D9<>"",F9<>""),IF(D9=F9,1,0),0) -> 0 | U16: =IF(AND(D6<>"",F6<>""),IF(D6<F6,1,0),0)+IF(AND(D7<>"",F7<>""),IF(F7<D7,1,0),0)+IF(AND(D9<>"",F9<>""),IF(F9<D9,1,0),0) -> 0 | V16: =IF(D6="",0,D6)+IF(F7="",0,F7)+IF(F9="",0,F9) -> 1 | W16: =IF(F6="",0,F6)+IF(D7="",0,D7)+IF(D9="",0,D9) -> 0 | X16: =V16-W16 -> 1 | Y16: =S16*3+T16 -> 3 | Z16: =Y16*1000000+(X16+100)*10000+V16*100+2 -> 4010102 | AA16: =RANK(Z16,Z$14:Z$17,0) -> 2
A17: 4 | B17: {=INDEX(Q$14:Q$17,MATCH(4,AA$14:AA$17,0))} -> Croácia | I17: {=INDEX(R$14:R$17,MATCH(4,AA$14:AA$17,0))} -> 1 | J17: {=INDEX(S$14:S$17,MATCH(4,AA$14:AA$17,0))} -> 0 | K17: {=INDEX(T$14:T$17,MATCH(4,AA$14:AA$17,0))} -> 0 | L17: {=INDEX(U$14:U$17,MATCH(4,AA$14:AA$17,0))} -> 1 | M17: {=INDEX(V$14:V$17,MATCH(4,AA$14:AA$17,0))} -> 2 | N17: {=INDEX(W$14:W$17,MATCH(4,AA$14:AA$17,0))} -> 4 | O17: {=INDEX(X$14:X$17,MATCH(4,AA$14:AA$17,0))} -> -2 | P17: {=INDEX(Y$14:Y$17,MATCH(4,AA$14:AA$17,0))} -> 0 | Q17: =Q8 -> Panamá | R17: =((D6<>"")*( F6<>""))+((D8<>"")*( F8<>""))+((D10<>"")*( F10<>"")) -> 1 | S17: =IF(AND(D6<>"",F6<>""),IF(F6>D6,1,0),0)+IF(AND(D8<>"",F8<>""),IF(D8>F8,1,0),0)+IF(AND(D10<>"",F10<>""),IF(D10>F10,1,0),0) -> 0 | T17: =IF(AND(D6<>"",F6<>""),IF(D6=F6,1,0),0)+IF(AND(D8<>"",F8<>""),IF(D8=F8,1,0),0)+IF(AND(D10<>"",F10<>""),IF(D10=F10,1,0),0) -> 0 | U17: =IF(AND(D6<>"",F6<>""),IF(F6<D6,1,0),0)+IF(AND(D8<>"",F8<>""),IF(D8<F8,1,0),0)+IF(AND(D10<>"",F10<>""),IF(D10<F10,1,0),0) -> 1 | V17: =IF(F6="",0,F6)+IF(D8="",0,D8)+IF(D10="",0,D10) -> 0 | W17: =IF(D6="",0,D6)+IF(F8="",0,F8)+IF(F10="",0,F10) -> 1 | X17: =V17-W17 -> -1 | Y17: =S17*3+T17 -> 0 | Z17: =Y17*1000000+(X17+100)*10000+V17*100+1 -> 990001 | AA17: =RANK(Z17,Z$14:Z$17,0) -> 3
A20: 🟢 1º e 2º classificados 🟡 3º colocado (pode avançar se for top-8) 🔴 Eliminado

Sheet Respecagem
A1: COPA DO MUNDO 2026 · 3os COLOCADOS — RANKING GERAL | P1: =COUNTA('Gr-A'!D5:D10)+COUNTA('Gr-B'!D5:D10)+COUNTA('Gr-C'!D5:D10)+COUNTA('Gr-D'!D5:D10)+COUNTA('Gr-E'!D5:D10)+COUNTA('Gr-F'!D5:D10)+COUNTA('Gr-G'!D5:D10)+COUNTA('Gr-H'!D5:D10)+COUNTA('Gr-I'!D5:D10)+COUNTA('Gr-J'!D5:D10)+COUNTA('Gr-K'!D5:D10)+COUNTA('Gr-L'!D5:D10) -> 41
A3: ▶ Os 8 melhores 3os colocados avançam para a Rodada de 32
A4: Pos | B4: Seleção | C4: Grupo | D4: PTS | E4: SG | F4: GP | G4: Situação
H5: ="A" -> A | I5: {=INDEX('Gr-A'!Y$14:Y$17,MATCH(3,'Gr-A'!AA$14:AA$17,0))} -> 1 | J5: {=INDEX('Gr-A'!X$14:X$17,MATCH(3,'Gr-A'!AA$14:AA$17,0))} -> -1 | K5: {=INDEX('Gr-A'!V$14:V$17,MATCH(3,'Gr-A'!AA$14:AA$17,0))} -> 2 | L5: =I5*1000000+(J5+100)*10000+K5*100+12 -> 1990212 | M5: =RANK(L5,L$5:L$16,0) -> 7 | N5: {=INDEX('Gr-A'!Q$14:Q$17,MATCH(3,'Gr-A'!AA$14:AA$17,0))} -> República Tcheca
H6: ="B" -> B | I6: {=INDEX('Gr-B'!Y$14:Y$17,MATCH(3,'Gr-B'!AA$14:AA$17,0))} -> 1 | J6: {=INDEX('Gr-B'!X$14:X$17,MATCH(3,'Gr-B'!AA$14:AA$17,0))} -> -3 | K6: {=INDEX('Gr-B'!V$14:V$17,MATCH(3,'Gr-B'!AA$14:AA$17,0))} -> 2 | L6: =I6*1000000+(J6+100)*10000+K6*100+11 -> 1970211 | M6: =RANK(L6,L$5:L$16,0) -> 9 | N6: {=INDEX('Gr-B'!Q$14:Q$17,MATCH(3,'Gr-B'!AA$14:AA$17,0))} -> Bósnia-Herzegovina
H7: ="C" -> C | I7: {=INDEX('Gr-C'!Y$14:Y$17,MATCH(3,'Gr-C'!AA$14:AA$17,0))} -> 3 | J7: {=INDEX('Gr-C'!X$14:X$17,MATCH(3,'Gr-C'!AA$14:AA$17,0))} -> 0 | K7: {=INDEX('Gr-C'!V$14:V$17,MATCH(3,'Gr-C'!AA$14:AA$17,0))} -> 1 | L7: =I7*1000000+(J7+100)*10000+K7*100+10 -> 4000110 | M7: =RANK(L7,L$5:L$16,0) -> 2 | N7: {=INDEX('Gr-C'!Q$14:Q$17,MATCH(3,'Gr-C'!AA$14:AA$17,0))} -> Escócia
H8: ="D" -> D | I8: {=INDEX('Gr-D'!Y$14:Y$17,MATCH(3,'Gr-D'!AA$14:AA$17,0))} -> 3 | J8: {=INDEX('Gr-D'!X$14:X$17,MATCH(3,'Gr-D'!AA$14:AA$17,0))} -> -2 | K8: {=INDEX('Gr-D'!V$14:V$17,MATCH(3,'Gr-D'!AA$14:AA$17,0))} -> 2 | L8: =I8*1000000+(J8+100)*10000+K8*100+9 -> 3980209 | M8: =RANK(L8,L$5:L$16,0) -> 3 | N8: {=INDEX('Gr-D'!Q$14:Q$17,MATCH(3,'Gr-D'!AA$14:AA$17,0))} -> Paraguai
H9: ="E" -> E | I9: {=INDEX('Gr-E'!Y$14:Y$17,MATCH(3,'Gr-E'!AA$14:AA$17,0))} -> 1 | J9: {=INDEX('Gr-E'!X$14:X$17,MATCH(3,'Gr-E'!AA$14:AA$17,0))} -> -1 | K9: {=INDEX('Gr-E'!V$14:V$17,MATCH(3,'Gr-E'!AA$14:AA$17,0))} -> 0 | L9: =I9*1000000+(J9+100)*10000+K9*100+8 -> 1990008 | M9: =RANK(L9,L$5:L$16,0) -> 8 | N9: {=INDEX('Gr-E'!Q$14:Q$17,MATCH(3,'Gr-E'!AA$14:AA$17,0))} -> Equador
H10: ="F" -> F | I10: {=INDEX('Gr-F'!Y$14:Y$17,MATCH(3,'Gr-F'!AA$14:AA$17,0))} -> 3 | J10: {=INDEX('Gr-F'!X$14:X$17,MATCH(3,'Gr-F'!AA$14:AA$17,0))} -> 0 | K10: {=INDEX('Gr-F'!V$14:V$17,MATCH(3,'Gr-F'!AA$14:AA$17,0))} -> 6 | L10: =I10*1000000+(J10+100)*10000+K10*100+7 -> 4000607 | M10: =RANK(L10,L$5:L$16,0) -> 1 | N10: {=INDEX('Gr-F'!Q$14:Q$17,MATCH(3,'Gr-F'!AA$14:AA$17,0))} -> Suécia
H11: ="G" -> G | I11: {=INDEX('Gr-G'!Y$14:Y$17,MATCH(3,'Gr-G'!AA$14:AA$17,0))} -> 2 | J11: {=INDEX('Gr-G'!X$14:X$17,MATCH(3,'Gr-G'!AA$14:AA$17,0))} -> 0 | K11: {=INDEX('Gr-G'!V$14:V$17,MATCH(3,'Gr-G'!AA$14:AA$17,0))} -> 1 | L11: =I11*1000000+(J11+100)*10000+K11*100+6 -> 3000106 | M11: =RANK(L11,L$5:L$16,0) -> 5 | N11: {=INDEX('Gr-G'!Q$14:Q$17,MATCH(3,'Gr-G'!AA$14:AA$17,0))} -> Bélgica
H12: ="H" -> H | I12: {=INDEX('Gr-H'!Y$14:Y$17,MATCH(3,'Gr-H'!AA$14:AA$17,0))} -> 2 | J12: {=INDEX('Gr-H'!X$14:X$17,MATCH(3,'Gr-H'!AA$14:AA$17,0))} -> 0 | K12: {=INDEX('Gr-H'!V$14:V$17,MATCH(3,'Gr-H'!AA$14:AA$17,0))} -> 2 | L12: =I12*1000000+(J12+100)*10000+K12*100+5 -> 3000205 | M12: =RANK(L12,L$5:L$16,0) -> 4 | N12: {=INDEX('Gr-H'!Q$14:Q$17,MATCH(3,'Gr-H'!AA$14:AA$17,0))} -> Cabo Verde
H13: ="I" -> I | I13: {=INDEX('Gr-I'!Y$14:Y$17,MATCH(3,'Gr-I'!AA$14:AA$17,0))} -> 0 | J13: {=INDEX('Gr-I'!X$14:X$17,MATCH(3,'Gr-I'!AA$14:AA$17,0))} -> -2 | K13: {=INDEX('Gr-I'!V$14:V$17,MATCH(3,'Gr-I'!AA$14:AA$17,0))} -> 1 | L13: =I13*1000000+(J13+100)*10000+K13*100+4 -> 980104 | M13: =RANK(L13,L$5:L$16,0) -> 11 | N13: {=INDEX('Gr-I'!Q$14:Q$17,MATCH(3,'Gr-I'!AA$14:AA$17,0))} -> Senegal
H14: ="J" -> J | I14: {=INDEX('Gr-J'!Y$14:Y$17,MATCH(3,'Gr-J'!AA$14:AA$17,0))} -> 0 | J14: {=INDEX('Gr-J'!X$14:X$17,MATCH(3,'Gr-J'!AA$14:AA$17,0))} -> -2 | K14: {=INDEX('Gr-J'!V$14:V$17,MATCH(3,'Gr-J'!AA$14:AA$17,0))} -> 1 | L14: =I14*1000000+(J14+100)*10000+K14*100+3 -> 980103 | M14: =RANK(L14,L$5:L$16,0) -> 12 | N14: {=INDEX('Gr-J'!Q$14:Q$17,MATCH(3,'Gr-J'!AA$14:AA$17,0))} -> Jordânia
H15: ="K" -> K | I15: {=INDEX('Gr-K'!Y$14:Y$17,MATCH(3,'Gr-K'!AA$14:AA$17,0))} -> 1 | J15: {=INDEX('Gr-K'!X$14:X$17,MATCH(3,'Gr-K'!AA$14:AA$17,0))} -> 0 | K15: {=INDEX('Gr-K'!V$14:V$17,MATCH(3,'Gr-K'!AA$14:AA$17,0))} -> 1 | L15: =I15*1000000+(J15+100)*10000+K15*100+2 -> 2000102 | M15: =RANK(L15,L$5:L$16,0) -> 6 | N15: {=INDEX('Gr-K'!Q$14:Q$17,MATCH(3,'Gr-K'!AA$14:AA$17,0))} -> RD Congo
H16: ="L" -> L | I16: {=INDEX('Gr-L'!Y$14:Y$17,MATCH(3,'Gr-L'!AA$14:AA$17,0))} -> 0 | J16: {=INDEX('Gr-L'!X$14:X$17,MATCH(3,'Gr-L'!AA$14:AA$17,0))} -> -1 | K16: {=INDEX('Gr-L'!V$14:V$17,MATCH(3,'Gr-L'!AA$14:AA$17,0))} -> 0 | L16: =I16*1000000+(J16+100)*10000+K16*100+1 -> 990001 | M16: =RANK(L16,L$5:L$16,0) -> 10 | N16: {=INDEX('Gr-L'!Q$14:Q$17,MATCH(3,'Gr-L'!AA$14:AA$17,0))} -> Panamá
A19: ▶ CLASSIFICAÇÃO DOS 3os COLOCADOS (automático)
A20: Pos | B20: Seleção | C20: Grupo | D20: PTS | E20: SG | F20: GP | G20: Situação
A21: 1 | B21: {=INDEX(N$5:N$16,MATCH(1,M$5:M$16,0))} -> Suécia | C21: {=INDEX(H$5:H$16,MATCH(1,M$5:M$16,0))} -> F | D21: {=INDEX(I$5:I$16,MATCH(1,M$5:M$16,0))} -> 3 | E21: {=INDEX(J$5:J$16,MATCH(1,M$5:M$16,0))} -> 0 | F21: {=INDEX(K$5:K$16,MATCH(1,M$5:M$16,0))} -> 6 | G21: ✅ Classificado
A22: 2 | B22: {=INDEX(N$5:N$16,MATCH(2,M$5:M$16,0))} -> Escócia | C22: {=INDEX(H$5:H$16,MATCH(2,M$5:M$16,0))} -> C | D22: {=INDEX(I$5:I$16,MATCH(2,M$5:M$16,0))} -> 3 | E22: {=INDEX(J$5:J$16,MATCH(2,M$5:M$16,0))} -> 0 | F22: {=INDEX(K$5:K$16,MATCH(2,M$5:M$16,0))} -> 1 | G22: ✅ Classificado
A23: 3 | B23: {=INDEX(N$5:N$16,MATCH(3,M$5:M$16,0))} -> Paraguai | C23: {=INDEX(H$5:H$16,MATCH(3,M$5:M$16,0))} -> D | D23: {=INDEX(I$5:I$16,MATCH(3,M$5:M$16,0))} -> 3 | E23: {=INDEX(J$5:J$16,MATCH(3,M$5:M$16,0))} -> -2 | F23: {=INDEX(K$5:K$16,MATCH(3,M$5:M$16,0))} -> 2 | G23: ✅ Classificado
A24: 4 | B24: {=INDEX(N$5:N$16,MATCH(4,M$5:M$16,0))} -> Cabo Verde | C24: {=INDEX(H$5:H$16,MATCH(4,M$5:M$16,0))} -> H | D24: {=INDEX(I$5:I$16,MATCH(4,M$5:M$16,0))} -> 2 | E24: {=INDEX(J$5:J$16,MATCH(4,M$5:M$16,0))} -> 0 | F24: {=INDEX(K$5:K$16,MATCH(4,M$5:M$16,0))} -> 2 | G24: ✅ Classificado
A25: 5 | B25: {=INDEX(N$5:N$16,MATCH(5,M$5:M$16,0))} -> Bélgica | C25: {=INDEX(H$5:H$16,MATCH(5,M$5:M$16,0))} -> G | D25: {=INDEX(I$5:I$16,MATCH(5,M$5:M$16,0))} -> 2 | E25: {=INDEX(J$5:J$16,MATCH(5,M$5:M$16,0))} -> 0 | F25: {=INDEX(K$5:K$16,MATCH(5,M$5:M$16,0))} -> 1 | G25: ✅ Classificado
A26: 6 | B26: {=INDEX(N$5:N$16,MATCH(6,M$5:M$16,0))} -> RD Congo | C26: {=INDEX(H$5:H$16,MATCH(6,M$5:M$16,0))} -> K | D26: {=INDEX(I$5:I$16,MATCH(6,M$5:M$16,0))} -> 1 | E26: {=INDEX(J$5:J$16,MATCH(6,M$5:M$16,0))} -> 0 | F26: {=INDEX(K$5:K$16,MATCH(6,M$5:M$16,0))} -> 1 | G26: ✅ Classificado
A27: 7 | B27: {=INDEX(N$5:N$16,MATCH(7,M$5:M$16,0))} -> República Tcheca | C27: {=INDEX(H$5:H$16,MATCH(7,M$5:M$16,0))} -> A | D27: {=INDEX(I$5:I$16,MATCH(7,M$5:M$16,0))} -> 1 | E27: {=INDEX(J$5:J$16,MATCH(7,M$5:M$16,0))} -> -1 | F27: {=INDEX(K$5:K$16,MATCH(7,M$5:M$16,0))} -> 2 | G27: ✅ Classificado
A28: 8 | B28: {=INDEX(N$5:N$16,MATCH(8,M$5:M$16,0))} -> Equador | C28: {=INDEX(H$5:H$16,MATCH(8,M$5:M$16,0))} -> E | D28: {=INDEX(I$5:I$16,MATCH(8,M$5:M$16,0))} -> 1 | E28: {=INDEX(J$5:J$16,MATCH(8,M$5:M$16,0))} -> -1 | F28: {=INDEX(K$5:K$16,MATCH(8,M$5:M$16,0))} -> 0 | G28: ✅ Classificado
A29: 9 | B29: {=INDEX(N$5:N$16,MATCH(9,M$5:M$16,0))} -> Bósnia-Herzegovina | C29: {=INDEX(H$5:H$16,MATCH(9,M$5:M$16,0))} -> B | D29: {=INDEX(I$5:I$16,MATCH(9,M$5:M$16,0))} -> 1 | E29: {=INDEX(J$5:J$16,MATCH(9,M$5:M$16,0))} -> -3 | F29: {=INDEX(K$5:K$16,MATCH(9,M$5:M$16,0))} -> 2 | G29: ❌ Eliminado
A30: 10 | B30: {=INDEX(N$5:N$16,MATCH(10,M$5:M$16,0))} -> Panamá | C30: {=INDEX(H$5:H$16,MATCH(10,M$5:M$16,0))} -> L | D30: {=INDEX(I$5:I$16,MATCH(10,M$5:M$16,0))} -> 0 | E30: {=INDEX(J$5:J$16,MATCH(10,M$5:M$16,0))} -> -1 | F30: {=INDEX(K$5:K$16,MATCH(10,M$5:M$16,0))} -> 0 | G30: ❌ Eliminado
A31: 11 | B31: {=INDEX(N$5:N$16,MATCH(11,M$5:M$16,0))} -> Senegal | C31: {=INDEX(H$5:H$16,MATCH(11,M$5:M$16,0))} -> I | D31: {=INDEX(I$5:I$16,MATCH(11,M$5:M$16,0))} -> 0 | E31: {=INDEX(J$5:J$16,MATCH(11,M$5:M$16,0))} -> -2 | F31: {=INDEX(K$5:K$16,MATCH(11,M$5:M$16,0))} -> 1 | G31: ❌ Eliminado
A32: 12 | B32: {=INDEX(N$5:N$16,MATCH(12,M$5:M$16,0))} -> Jordânia | C32: {=INDEX(H$5:H$16,MATCH(12,M$5:M$16,0))} -> J | D32: {=INDEX(I$5:I$16,MATCH(12,M$5:M$16,0))} -> 0 | E32: {=INDEX(J$5:J$16,MATCH(12,M$5:M$16,0))} -> -2 | F32: {=INDEX(K$5:K$16,MATCH(12,M$5:M$16,0))} -> 1 | G32: ❌ Eliminado

Sheet Mata-Mata
B1: COPA DO MUNDO FIFA 2026 · FASE DE MATA-MATA
B2: Tudo Excel
B3: ▶ RODADA DE 32 (28 jun – 3 jul) │ Se empate: preencher Prorrogação (amarelo) │ Se persistir: Pênaltis (laranja)
A4: Data e Hora | B4: Jogo | C4: Time 1 | E4: 90' | G4: 90' | I4: Time 2 | K4: Prorr | M4: Prorr | O4: Pen | P4: Pen | Q4: Classificado | R4: Local
B5: R32-1 | C5: {=IF(COUNTA('Gr-E'!D5:D10)=6,INDEX('Gr-E'!Q$14:Q$17,MATCH(1,'Gr-E'!AA$14:AA$17,0)),"1º Gr-E")} -> 1º Gr-E | F5: ✕ | I5: {=IF(Respecagem!P1=72,INDEX(Respecagem!N$5:N$16,MATCH(1,Respecagem!M$5:M$16,0)),"Melhor 3º #1")} -> Melhor 3º #1 | J5: │ | L5: ✕ | N5: │ | Q5: =IF(OR(E5="",G5=""),"",IF(E5>G5,C5,IF(E5<G5,I5,IF(AND(K5<>"",M5<>""),IF(K5>M5,C5,IF(K5<M5,I5,IF(AND(O5<>"",P5<>""),IF(O5>=P5,C5,I5),"Pênaltis pendentes"))),"Prorrogação pendente"))))
B6: R32-2 | C6: {=IF(COUNTA('Gr-I'!D5:D10)=6,INDEX('Gr-I'!Q$14:Q$17,MATCH(1,'Gr-I'!AA$14:AA$17,0)),"1º Gr-I")} -> 1º Gr-I | F6: ✕ | I6: {=IF(Respecagem!P1=72,INDEX(Respecagem!N$5:N$16,MATCH(2,Respecagem!M$5:M$16,0)),"Melhor 3º #2")} -> Melhor 3º #2 | J6: │ | L6: ✕ | N6: │ | Q6: =IF(OR(E6="",G6=""),"",IF(E6>G6,C6,IF(E6<G6,I6,IF(AND(K6<>"",M6<>""),IF(K6>M6,C6,IF(K6<M6,I6,IF(AND(O6<>"",P6<>""),IF(O6>=P6,C6,I6),"Pênaltis pendentes"))),"Prorrogação pendente"))))
B7: R32-3 | C7: {=IF(COUNTA('Gr-A'!D5:D10)=6,INDEX('Gr-A'!Q$14:Q$17,MATCH(2,'Gr-A'!AA$14:AA$17,0)),"2º Gr-A")} -> 2º Gr-A | F7: ✕ | I7: {=IF(COUNTA('Gr-B'!D5:D10)=6,INDEX('Gr-B'!Q$14:Q$17,MATCH(2,'Gr-B'!AA$14:AA$17,0)),"2º Gr-B")} -> 2º Gr-B | J7: │ | L7: ✕ | N7: │ | Q7: =IF(OR(E7="",G7=""),"",IF(E7>G7,C7,IF(E7<G7,I7,IF(AND(K7<>"",M7<>""),IF(K7>M7,C7,IF(K7<M7,I7,IF(AND(O7<>"",P7<>""),IF(O7>=P7,C7,I7),"Pênaltis pendentes"))),"Prorrogação pendente"))))
B8: R32-4 | C8: {=IF(COUNTA('Gr-F'!D5:D10)=6,INDEX('Gr-F'!Q$14:Q$17,MATCH(1,'Gr-F'!AA$14:AA$17,0)),"1º Gr-F")} -> 1º Gr-F | F8: ✕ | I8: {=IF(COUNTA('Gr-C'!D5:D10)=6,INDEX('Gr-C'!Q$14:Q$17,MATCH(2,'Gr-C'!AA$14:AA$17,0)),"2º Gr-C")} -> 2º Gr-C | J8: │ | L8: ✕ | N8: │ | Q8: =IF(OR(E8="",G8=""),"",IF(E8>G8,C8,IF(E8<G8,I8,IF(AND(K8<>"",M8<>""),IF(K8>M8,C8,IF(K8<M8,I8,IF(AND(O8<>"",P8<>""),IF(O8>=P8,C8,I8),"Pênaltis pendentes"))),"Prorrogação pendente"))))
B9: R32-5 | C9: {=IF(COUNTA('Gr-K'!D5:D10)=6,INDEX('Gr-K'!Q$14:Q$17,MATCH(2,'Gr-K'!AA$14:AA$17,0)),"2º Gr-K")} -> 2º Gr-K | F9: ✕ | I9: {=IF(COUNTA('Gr-L'!D5:D10)=6,INDEX('Gr-L'!Q$14:Q$17,MATCH(2,'Gr-L'!AA$14:AA$17,0)),"2º Gr-L")} -> 2º Gr-L | J9: │ | L9: ✕ | N9: │ | Q9: =IF(OR(E9="",G9=""),"",IF(E9>G9,C9,IF(E9<G9,I9,IF(AND(K9<>"",M9<>""),IF(K9>M9,C9,IF(K9<M9,I9,IF(AND(O9<>"",P9<>""),IF(O9>=P9,C9,I9),"Pênaltis pendentes"))),"Prorrogação pendente"))))
B10: R32-6 | C10: {=IF(COUNTA('Gr-H'!D5:D10)=6,INDEX('Gr-H'!Q$14:Q$17,MATCH(1,'Gr-H'!AA$14:AA$17,0)),"1º Gr-H")} -> 1º Gr-H | F10: ✕ | I10: {=IF(COUNTA('Gr-J'!D5:D10)=6,INDEX('Gr-J'!Q$14:Q$17,MATCH(2,'Gr-J'!AA$14:AA$17,0)),"2º Gr-J")} -> 2º Gr-J | J10: │ | L10: ✕ | N10: │ | Q10: =IF(OR(E10="",G10=""),"",IF(E10>G10,C10,IF(E10<G10,I10,IF(AND(K10<>"",M10<>""),IF(K10>M10,C10,IF(K10<M10,I10,IF(AND(O10<>"",P10<>""),IF(O10>=P10,C10,I10),"Pênaltis pendentes"))),"Prorrogação pendente"))))
B11: R32-7 | C11: {=IF(COUNTA('Gr-D'!D5:D10)=6,INDEX('Gr-D'!Q$14:Q$17,MATCH(1,'Gr-D'!AA$14:AA$17,0)),"1º Gr-D")} -> 1º Gr-D | F11: ✕ | I11: {=IF(Respecagem!P1=72,INDEX(Respecagem!N$5:N$16,MATCH(3,Respecagem!M$5:M$16,0)),"Melhor 3º #3")} -> Melhor 3º #3 | J11: │ | L11: ✕ | N11: │ | Q11: =IF(OR(E11="",G11=""),"",IF(E11>G11,C11,IF(E11<G11,I11,IF(AND(K11<>"",M11<>""),IF(K11>M11,C11,IF(K11<M11,I11,IF(AND(O11<>"",P11<>""),IF(O11>=P11,C11,I11),"Pênaltis pendentes"))),"Prorrogação pendente"))))
B12: R32-8 | C12: {=IF(COUNTA('Gr-G'!D5:D10)=6,INDEX('Gr-G'!Q$14:Q$17,MATCH(1,'Gr-G'!AA$14:AA$17,0)),"1º Gr-G")} -> 1º Gr-G | F12: ✕ | I12: {=IF(Respecagem!P1=72,INDEX(Respecagem!N$5:N$16,MATCH(4,Respecagem!M$5:M$16,0)),"Melhor 3º #4")} -> Melhor 3º #4 | J12: │ | L12: ✕ | N12: │ | Q12: =IF(OR(E12="",G12=""),"",IF(E12>G12,C12,IF(E12<G12,I12,IF(AND(K12<>"",M12<>""),IF(K12>M12,C12,IF(K12<M12,I12,IF(AND(O12<>"",P12<>""),IF(O12>=P12,C12,I12),"Pênaltis pendentes"))),"Prorrogação pendente"))))
B13: R32-9 | C13: {=IF(COUNTA('Gr-F'!D5:D10)=6,INDEX('Gr-F'!Q$14:Q$17,MATCH(2,'Gr-F'!AA$14:AA$17,0)),"2º Gr-F")} -> 2º Gr-F | F13: ✕ | I13: {=IF(COUNTA('Gr-E'!D5:D10)=6,INDEX('Gr-E'!Q$14:Q$17,MATCH(2,'Gr-E'!AA$14:AA$17,0)),"2º Gr-E")} -> 2º Gr-E | J13: │ | L13: ✕ | N13: │ | Q13: =IF(OR(E13="",G13=""),"",IF(E13>G13,C13,IF(E13<G13,I13,IF(AND(K13<>"",M13<>""),IF(K13>M13,C13,IF(K13<M13,I13,IF(AND(O13<>"",P13<>""),IF(O13>=P13,C13,I13),"Pênaltis pendentes"))),"Prorrogação pendente"))))
B14: R32-10 | C14: {=IF(COUNTA('Gr-I'!D5:D10)=6,INDEX('Gr-I'!Q$14:Q$17,MATCH(2,'Gr-I'!AA$14:AA$17,0)),"2º Gr-I")} -> 2º Gr-I | F14: ✕ | I14: {=IF(COUNTA('Gr-C'!D5:D10)=6,INDEX('Gr-C'!Q$14:Q$17,MATCH(1,'Gr-C'!AA$14:AA$17,0)),"1º Gr-C")} -> 1º Gr-C | J14: │ | L14: ✕ | N14: │ | Q14: =IF(OR(E14="",G14=""),"",IF(E14>G14,C14,IF(E14<G14,I14,IF(AND(K14<>"",M14<>""),IF(K14>M14,C14,IF(K14<M14,I14,IF(AND(O14<>"",P14<>""),IF(O14>=P14,C14,I14),"Pênaltis pendentes"))),"Prorrogação pendente"))))
B15: R32-11 | C15: {=IF(COUNTA('Gr-A'!D5:D10)=6,INDEX('Gr-A'!Q$14:Q$17,MATCH(1,'Gr-A'!AA$14:AA$17,0)),"1º Gr-A")} -> 1º Gr-A | F15: ✕ | I15: {=IF(Respecagem!P1=72,INDEX(Respecagem!N$5:N$16,MATCH(5,Respecagem!M$5:M$16,0)),"Melhor 3º #5")} -> Melhor 3º #5 | J15: │ | L15: ✕ | N15: │ | Q15: =IF(OR(E15="",G15=""),"",IF(E15>G15,C15,IF(E15<G15,I15,IF(AND(K15<>"",M15<>""),IF(K15>M15,C15,IF(K15<M15,I15,IF(AND(O15<>"",P15<>""),IF(O15>=P15,C15,I15),"Pênaltis pendentes"))),"Prorrogação pendente"))))
B16: R32-12 | C16: {=IF(COUNTA('Gr-L'!D5:D10)=6,INDEX('Gr-L'!Q$14:Q$17,MATCH(1,'Gr-L'!AA$14:AA$17,0)),"1º Gr-L")} -> 1º Gr-L | F16: ✕ | I16: {=IF(Respecagem!P1=72,INDEX(Respecagem!N$5:N$16,MATCH(6,Respecagem!M$5:M$16,0)),"Melhor 3º #6")} -> Melhor 3º #6 | J16: │ | L16: ✕ | N16: │ | Q16: =IF(OR(E16="",G16=""),"",IF(E16>G16,C16,IF(E16<G16,I16,IF(AND(K16<>"",M16<>""),IF(K16>M16,C16,IF(K16<M16,I16,IF(AND(O16<>"",P16<>""),IF(O16>=P16,C16,I16),"Pênaltis pendentes"))),"Prorrogação pendente"))))
B17: R32-13 | C17: {=IF(COUNTA('Gr-J'!D5:D10)=6,INDEX('Gr-J'!Q$14:Q$17,MATCH(1,'Gr-J'!AA$14:AA$17,0)),"1º Gr-J")} -> 1º Gr-J | F17: ✕ | I17: {=IF(COUNTA('Gr-H'!D5:D10)=6,INDEX('Gr-H'!Q$14:Q$17,MATCH(2,'Gr-H'!AA$14:AA$17,0)),"2º Gr-H")} -> 2º Gr-H | J17: │ | L17: ✕ | N17: │ | Q17: =IF(OR(E17="",G17=""),"",IF(E17>G17,C17,IF(E17<G17,I17,IF(AND(K17<>"",M17<>""),IF(K17>M17,C17,IF(K17<M17,I17,IF(AND(O17<>"",P17<>""),IF(O17>=P17,C17,I17),"Pênaltis pendentes"))),"Prorrogação pendente"))))
B18: R32-14 | C18: {=IF(COUNTA('Gr-D'!D5:D10)=6,INDEX('Gr-D'!Q$14:Q$17,MATCH(2,'Gr-D'!AA$14:AA$17,0)),"2º Gr-D")} -> 2º Gr-D | F18: ✕ | I18: {=IF(COUNTA('Gr-G'!D5:D10)=6,INDEX('Gr-G'!Q$14:Q$17,MATCH(2,'Gr-G'!AA$14:AA$17,0)),"2º Gr-G")} -> 2º Gr-G | J18: │ | L18: ✕ | N18: │ | Q18: =IF(OR(E18="",G18=""),"",IF(E18>G18,C18,IF(E18<G18,I18,IF(AND(K18<>"",M18<>""),IF(K18>M18,C18,IF(K18<M18,I18,IF(AND(O18<>"",P18<>""),IF(O18>=P18,C18,I18),"Pênaltis pendentes"))),"Prorrogação pendente"))))
B19: R32-15 | C19: {=IF(COUNTA('Gr-B'!D5:D10)=6,INDEX('Gr-B'!Q$14:Q$17,MATCH(1,'Gr-B'!AA$14:AA$17,0)),"1º Gr-B")} -> 1º Gr-B | F19: ✕ | I19: {=IF(Respecagem!P1=72,INDEX(Respecagem!N$5:N$16,MATCH(7,Respecagem!M$5:M$16,0)),"Melhor 3º #7")} -> Melhor 3º #7 | J19: │ | L19: ✕ | N19: │ | Q19: =IF(OR(E19="",G19=""),"",IF(E19>G19,C19,IF(E19<G19,I19,IF(AND(K19<>"",M19<>""),IF(K19>M19,C19,IF(K19<M19,I19,IF(AND(O19<>"",P19<>""),IF(O19>=P19,C19,I19),"Pênaltis pendentes"))),"Prorrogação pendente"))))
B20: R32-16 | C20: {=IF(COUNTA('Gr-K'!D5:D10)=6,INDEX('Gr-K'!Q$14:Q$17,MATCH(1,'Gr-K'!AA$14:AA$17,0)),"1º Gr-K")} -> 1º Gr-K | F20: ✕ | I20: {=IF(Respecagem!P1=72,INDEX(Respecagem!N$5:N$16,MATCH(8,Respecagem!M$5:M$16,0)),"Melhor 3º #8")} -> Melhor 3º #8 | J20: │ | L20: ✕ | N20: │ | Q20: =IF(OR(E20="",G20=""),"",IF(E20>G20,C20,IF(E20<G20,I20,IF(AND(K20<>"",M20<>""),IF(K20>M20,C20,IF(K20<M20,I20,IF(AND(O20<>"",P20<>""),IF(O20>=P20,C20,I20),"Pênaltis pendentes"))),"Prorrogação pendente"))))
B21: ⬛ Tempo normal: preencher colunas brancas | 🟡 Empate no 90': preencher Prorrogação | 🟠 Empate na prorrogação: preencher Pênaltis
B23: ▶ OITAVAS DE FINAL (4–7 jul)
A24: Data e Hora | B24: Jogo | C24: Time 1 | E24: 90' | G24: 90' | I24: Time 2 | K24: Prorr | M24: Prorr | O24: Pen | P24: Pen | Q24: Classificado | R24: Local
B25: O1 | C25: =Q5 | F25: ✕ | I25: =Q6 | J25: │ | L25: ✕ | N25: │ | Q25: =IF(OR(E25="",G25=""),"",IF(E25>G25,C25,IF(E25<G25,I25,IF(AND(K25<>"",M25<>""),IF(K25>M25,C25,IF(K25<M25,I25,IF(AND(O25<>"",P25<>""),IF(O25>=P25,C25,I25),"Pênaltis pendentes"))),"Prorrogação pendente"))))
B26: O2 | C26: =Q7 | F26: ✕ | I26: =Q8 | J26: │ | L26: ✕ | N26: │ | Q26: =IF(OR(E26="",G26=""),"",IF(E26>G26,C26,IF(E26<G26,I26,IF(AND(K26<>"",M26<>""),IF(K26>M26,C26,IF(K26<M26,I26,IF(AND(O26<>"",P26<>""),IF(O26>=P26,C26,I26),"Pênaltis pendentes"))),"Prorrogação pendente"))))
B27: O3 | C27: =Q9 | F27: ✕ | I27: =Q10 | J27: │ | L27: ✕ | N27: │ | Q27: =IF(OR(E27="",G27=""),"",IF(E27>G27,C27,IF(E27<G27,I27,IF(AND(K27<>"",M27<>""),IF(K27>M27,C27,IF(K27<M27,I27,IF(AND(O27<>"",P27<>""),IF(O27>=P27,C27,I27),"Pênaltis pendentes"))),"Prorrogação pendente"))))
B28: O4 | C28: =Q11 | F28: ✕ | I28: =Q12 | J28: │ | L28: ✕ | N28: │ | Q28: =IF(OR(E28="",G28=""),"",IF(E28>G28,C28,IF(E28<G28,I28,IF(AND(K28<>"",M28<>""),IF(K28>M28,C28,IF(K28<M28,I28,IF(AND(O28<>"",P28<>""),IF(O28>=P28,C28,I28),"Pênaltis pendentes"))),"Prorrogação pendente"))))
B29: O5 | C29: =Q13 | F29: ✕ | I29: =Q14 | J29: │ | L29: ✕ | N29: │ | Q29: =IF(OR(E29="",G29=""),"",IF(E29>G29,C29,IF(E29<G29,I29,IF(AND(K29<>"",M29<>""),IF(K29>M29,C29,IF(K29<M29,I29,IF(AND(O29<>"",P29<>""),IF(O29>=P29,C29,I29),"Pênaltis pendentes"))),"Prorrogação pendente"))))
B30: O6 | C30: =Q15 | F30: ✕ | I30: =Q16 | J30: │ | L30: ✕ | N30: │ | Q30: =IF(OR(E30="",G30=""),"",IF(E30>G30,C30,IF(E30<G30,I30,IF(AND(K30<>"",M30<>""),IF(K30>M30,C30,IF(K30<M30,I30,IF(AND(O30<>"",P30<>""),IF(O30>=P30,C30,I30),"Pênaltis pendentes"))),"Prorrogação pendente"))))
B31: O7 | C31: =Q17 | F31: ✕ | I31: =Q18 | J31: │ | L31: ✕ | N31: │ | Q31: =IF(OR(E31="",G31=""),"",IF(E31>G31,C31,IF(E31<G31,I31,IF(AND(K31<>"",M31<>""),IF(K31>M31,C31,IF(K31<M31,I31,IF(AND(O31<>"",P31<>""),IF(O31>=P31,C31,I31),"Pênaltis pendentes"))),"Prorrogação pendente"))))
B32: O8 | C32: =Q19 | F32: ✕ | I32: =Q20 | J32: │ | L32: ✕ | N32: │ | Q32: =IF(OR(E32="",G32=""),"",IF(E32>G32,C32,IF(E32<G32,I32,IF(AND(K32<>"",M32<>""),IF(K32>M32,C32,IF(K32<M32,I32,IF(AND(O32<>"",P32<>""),IF(O32>=P32,C32,I32),"Pênaltis pendentes"))),"Prorrogação pendente"))))
B34: ▶ QUARTAS DE FINAL (9–11 jul)
A35: Data e Hora | B35: Jogo | C35: Time 1 | E35: 90' | G35: 90' | I35: Time 2 | K35: Prorr | M35: Prorr | O35: Pen | P35: Pen | Q35: Classificado | R35: Local
B36: Q1 | C36: =Q25 | F36: ✕ | I36: =Q26 | J36: │ | L36: ✕ | N36: │ | Q36: =IF(OR(E36="",G36=""),"",IF(E36>G36,C36,IF(E36<G36,I36,IF(AND(K36<>"",M36<>""),IF(K36>M36,C36,IF(K36<M36,I36,IF(AND(O36<>"",P36<>""),IF(O36>=P36,C36,I36),"Pênaltis pendentes"))),"Prorrogação pendente"))))
B37: Q2 | C37: =Q27 | F37: ✕ | I37: =Q28 | J37: │ | L37: ✕ | N37: │ | Q37: =IF(OR(E37="",G37=""),"",IF(E37>G37,C37,IF(E37<G37,I37,IF(AND(K37<>"",M37<>""),IF(K37>M37,C37,IF(K37<M37,I37,IF(AND(O37<>"",P37<>""),IF(O37>=P37,C37,I37),"Pênaltis pendentes"))),"Prorrogação pendente"))))
B38: Q3 | C38: =Q29 | F38: ✕ | I38: =Q30 | J38: │ | L38: ✕ | N38: │ | Q38: =IF(OR(E38="",G38=""),"",IF(E38>G38,C38,IF(E38<G38,I38,IF(AND(K38<>"",M38<>""),IF(K38>M38,C38,IF(K38<M38,I38,IF(AND(O38<>"",P38<>""),IF(O38>=P38,C38,I38),"Pênaltis pendentes"))),"Prorrogação pendente"))))
B39: Q4 | C39: =Q31 | F39: ✕ | I39: =Q32 | J39: │ | L39: ✕ | N39: │ | Q39: =IF(OR(E39="",G39=""),"",IF(E39>G39,C39,IF(E39<G39,I39,IF(AND(K39<>"",M39<>""),IF(K39>M39,C39,IF(K39<M39,I39,IF(AND(O39<>"",P39<>""),IF(O39>=P39,C39,I39),"Pênaltis pendentes"))),"Prorrogação pendente"))))
B41: ▶ SEMIFINAIS (14–15 jul)
A42: Data e Hora | B42: Jogo | C42: Time 1 | E42: 90' | G42: 90' | I42: Time 2 | K42: Prorr | M42: Prorr | O42: Pen | P42: Pen | Q42: Classificado | R42: Local
B43: SF1 | C43: =Q36 | F43: ✕ | I43: =Q37 | J43: │ | L43: ✕ | N43: │ | Q43: =IF(OR(E43="",G43=""),"",IF(E43>G43,C43,IF(E43<G43,I43,IF(AND(K43<>"",M43<>""),IF(K43>M43,C43,IF(K43<M43,I43,IF(AND(O43<>"",P43<>""),IF(O43>=P43,C43,I43),"Pênaltis pendentes"))),"Prorrogação pendente"))))
B44: SF2 | C44: =Q38 | F44: ✕ | I44: =Q39 | J44: │ | L44: ✕ | N44: │ | Q44: =IF(OR(E44="",G44=""),"",IF(E44>G44,C44,IF(E44<G44,I44,IF(AND(K44<>"",M44<>""),IF(K44>M44,C44,IF(K44<M44,I44,IF(AND(O44<>"",P44<>""),IF(O44>=P44,C44,I44),"Pênaltis pendentes"))),"Prorrogação pendente"))))
B46: ▶ DISPUTA DE 3º LUGAR (18 jul – Miami) & FINAL (19 jul – MetLife Stadium, NY)
A47: Data e Hora | B47: Jogo | C47: Time 1 | E47: 90' | G47: 90' | I47: Time 2 | K47: Prorr | M47: Prorr | O47: Pen | P47: Pen | Q47: Classificado | R47: Local
B48: 3º Lugar | C48: =IF(Q43=C43,I43,C43) | F48: ✕ | I48: =IF(Q44=C44,I44,C44) | J48: │ | L48: ✕ | N48: │ | Q48: =IF(OR(E48="",G48=""),"",IF(E48>G48,C48,IF(E48<G48,I48,IF(AND(K48<>"",M48<>""),IF(K48>M48,C48,IF(K48<M48,I48,IF(AND(O48<>"",P48<>""),IF(O48>=P48,C48,I48),"Pênaltis pendentes"))),"Prorrogação pendente"))))
B50: ▶▶ GRANDE FINAL ◀◀
A51: Data e Hora | B51: Jogo | C51: Time 1 | E51: 90' | G51: 90' | I51: Time 2 | K51: Prorr | M51: Prorr | O51: Pen | P51: Pen | Q51: Classificado | R51: Local
B52: FINAL | C52: =Q43 | F52: ✕ | I52: =Q44 | J52: │ | L52: ✕ | N52: │ | Q52: =IF(OR(E52="",G52=""),"",IF(E52>G52,C52,IF(E52<G52,I52,IF(AND(K52<>"",M52<>""),IF(K52>M52,C52,IF(K52<M52,I52,IF(AND(O52<>"",P52<>""),IF(O52>=P52,C52,I52),"Pênaltis pendentes"))),"Prorrogação pendente"))))
